LATITUDE,LONGITUDE,BRIGHTNESS,SCAN,TRACK,ACQ_DATE,ACQ_TIME,SATELLITE,CONFIDENCE,VERSION,BRIGHT_T31,FRP,DAYNIGHT,geometry,Wind Speed (km/h),Fire Spread Speed (km/h),Affected Area (kmÂ²),Suppression Difficulty
52.84502,29.99889,303.84,1.0,1.0,2024-11-25,109,A,57,6.1NRT,265.6,11.96,N,POINT (29.99889 52.84502),0-10,0.2-0.5,1-3,Easy
63.91245,-22.33414,323.5,1.49,1.21,2024-11-25,423,A,100,6.1NRT,277.22,47.13,N,POINT (-22.33414 63.91245),10-20,0.5-1.0,3-7,Medium
63.90989,-22.30375,335.74,1.49,1.2,2024-11-25,423,A,100,6.1NRT,279.3,74.51,N,POINT (-22.30375 63.90989),20-30,1.0-2.0,7-15,Difficult
63.90436,-22.36842,376.95,1.49,1.21,2024-11-25,423,A,100,6.1NRT,287.23,259.05,N,POINT (-22.36842 63.90436),30-50,2.0-3.5,15-25,Very Difficult
63.90185,-22.33853,442.95,1.49,1.21,2024-11-25,423,A,100,6.1NRT,320.85,1126.95,N,POINT (-22.33853 63.90185),50+,3.5+,25+,Critical
63.89926,-22.3077,342.66,1.49,1.2,2024-11-25,423,A,100,6.1NRT,287.06,92.5,N,POINT (-22.3077 63.89926),20-30,1.0-2.0,7-15,Difficult
63.89624,-22.40271,342.62,1.5,1.21,2024-11-25,423,A,74,6.1NRT,291.64,90.99,N,POINT (-22.40271 63.89624),20-30,1.0-2.0,7-15,Difficult
63.89373,-22.37256,337.92,1.49,1.21,2024-11-25,423,A,16,6.1NRT,296.04,76.17,N,POINT (-22.37256 63.89373),20-30,1.0-2.0,7-15,Difficult
63.88812,-22.43746,315.6,1.5,1.21,2024-11-25,423,A,45,6.1NRT,276.51,32.02,N,POINT (-22.43746 63.88812),10-20,0.5-1.0,3-7,Medium
63.90989,-22.33125,323.62,2.09,1.41,2024-11-25,601,A,100,6.1NRT,280.83,78.98,N,POINT (-22.33125 63.90989),10-20,0.5-1.0,3-7,Medium
63.90051,-22.29833,327.88,2.09,1.41,2024-11-25,601,A,100,6.1NRT,278.48,92.73,N,POINT (-22.29833 63.90051),10-20,0.5-1.0,3-7,Medium
63.89939,-22.3468,408.45,2.09,1.41,2024-11-25,601,A,100,6.1NRT,301.79,916.79,N,POINT (-22.3468 63.89939),50+,3.5+,25+,Critical
63.88971,-22.31291,348.29,2.09,1.41,2024-11-25,601,A,100,6.1NRT,279.88,187.49,N,POINT (-22.31291 63.88971),20-30,1.0-2.0,7-15,Difficult
63.89891,-22.3974,318.53,2.08,1.4,2024-11-25,601,A,43,6.1NRT,283.24,60.41,N,POINT (-22.3974 63.89891),10-20,0.5-1.0,3-7,Medium
63.88891,-22.36245,320.05,2.09,1.41,2024-11-25,601,A,48,6.1NRT,288.73,64.64,N,POINT (-22.36245 63.88891),10-20,0.5-1.0,3-7,Medium
63.90969,-22.33999,326.58,2.09,1.41,2024-11-25,601,A,100,6.1NRT,283.22,87.52,N,POINT (-22.33999 63.90969),10-20,0.5-1.0,3-7,Medium
63.90019,-22.30616,331.3,2.09,1.41,2024-11-25,601,A,100,6.1NRT,285.44,105.05,N,POINT (-22.30616 63.90019),20-30,1.0-2.0,7-15,Difficult
63.89919,-22.35558,397.48,2.09,1.41,2024-11-25,601,A,100,6.1NRT,294.39,712.12,N,POINT (-22.35558 63.89919),30-50,2.0-3.5,15-25,Very Difficult
63.88947,-22.32101,367.64,2.09,1.41,2024-11-25,601,A,100,6.1NRT,286.28,334.0,N,POINT (-22.32101 63.88947),30-50,2.0-3.5,15-25,Very Difficult
63.89859,-22.40632,314.24,2.08,1.4,2024-11-25,601,A,21,6.1NRT,278.68,48.94,N,POINT (-22.40632 63.89859),10-20,0.5-1.0,3-7,Medium
63.88873,-22.37128,320.15,2.09,1.41,2024-11-25,601,A,33,6.1NRT,288.81,64.11,N,POINT (-22.37128 63.88873),10-20,0.5-1.0,3-7,Medium
63.88801,-22.42154,313.24,2.08,1.4,2024-11-25,601,A,53,6.1NRT,280.26,49.23,N,POINT (-22.42154 63.88801),10-20,0.5-1.0,3-7,Medium
48.276,14.33959,300.4,2.04,1.39,2024-11-25,839,T,31,6.1NRT,276.17,21.91,D,POINT (14.33959 48.276),0-10,0.2-0.5,1-3,Easy
40.60734,17.83648,300.79,1.11,1.05,2024-11-25,841,T,42,6.1NRT,285.38,6.24,D,POINT (17.83648 40.60734),0-10,0.2-0.5,1-3,Easy
36.81694,22.86523,302.32,1.23,1.1,2024-11-25,843,T,52,6.1NRT,285.69,8.68,D,POINT (22.86523 36.81694),0-10,0.2-0.5,1-3,Easy
51.69119,15.97863,303.9,1.84,1.33,2024-11-25,839,T,57,6.1NRT,276.03,22.17,D,POINT (15.97863 51.69119),0-10,0.2-0.5,1-3,Easy
37.94376,21.28894,306.66,1.28,1.12,2024-11-25,1216,A,64,6.1NRT,288.18,11.42,D,POINT (21.28894 37.94376),0-10,0.2-0.5,1-3,Easy
39.1907,25.95249,302.46,1.02,1.01,2024-11-25,1216,A,52,6.1NRT,285.99,6.28,D,POINT (25.95249 39.1907),0-10,0.2-0.5,1-3,Easy
39.32412,22.77873,301.28,1.07,1.03,2024-11-25,1216,A,46,6.1NRT,287.7,5.32,D,POINT (22.77873 39.32412),0-10,0.2-0.5,1-3,Easy
40.95378,25.34325,301.92,1.02,1.01,2024-11-25,1216,A,30,6.1NRT,280.8,6.59,D,POINT (25.34325 40.95378),0-10,0.2-0.5,1-3,Easy
42.59746,25.83466,301.27,1.07,1.03,2024-11-25,1216,A,46,6.1NRT,282.86,7.71,D,POINT (25.83466 42.59746),0-10,0.2-0.5,1-3,Easy
50.32933,19.29173,305.79,1.03,1.01,2024-11-25,1218,A,62,6.1NRT,278.57,10.08,D,POINT (19.29173 50.32933),0-10,0.2-0.5,1-3,Easy
52.14548,27.47298,307.8,1.62,1.25,2024-11-25,1218,A,66,6.1NRT,276.85,23.55,D,POINT (27.47298 52.14548),0-10,0.2-0.5,1-3,Easy
52.14506,27.46771,301.01,1.62,1.25,2024-11-25,1218,A,44,6.1NRT,276.67,16.81,D,POINT (27.46771 52.14506),0-10,0.2-0.5,1-3,Easy
63.90578,-22.33064,347.92,1.12,1.06,2024-11-25,1153,T,96,6.1NRT,289.79,71.72,D,POINT (-22.33064 63.90578),20-30,1.0-2.0,7-15,Difficult
63.90326,-22.30823,343.15,1.12,1.05,2024-11-25,1153,T,100,6.1NRT,280.88,61.69,D,POINT (-22.30823 63.90326),20-30,1.0-2.0,7-15,Difficult
63.8991,-22.35785,450.76,1.12,1.06,2024-11-25,1153,T,100,6.1NRT,323.11,855.47,D,POINT (-22.35785 63.8991),50+,3.5+,25+,Critical
63.89663,-22.3358,416.55,1.12,1.06,2024-11-25,1153,T,100,6.1NRT,311.21,436.71,D,POINT (-22.3358 63.89663),50+,3.5+,25+,Critical
63.8949,-22.40735,335.34,1.12,1.06,2024-11-25,1153,T,32,6.1NRT,294.46,44.91,D,POINT (-22.40735 63.8949),20-30,1.0-2.0,7-15,Difficult
63.89241,-22.38508,334.93,1.12,1.06,2024-11-25,1153,T,0,6.1NRT,296.5,43.26,D,POINT (-22.38508 63.89241),20-30,1.0-2.0,7-15,Difficult
63.88993,-22.36293,328.17,1.12,1.06,2024-11-25,1153,T,0,6.1NRT,294.94,32.46,D,POINT (-22.36293 63.88993),10-20,0.5-1.0,3-7,Medium
63.89067,-22.45705,324.46,1.13,1.06,2024-11-25,1153,T,100,6.1NRT,284.3,32.38,D,POINT (-22.45705 63.89067),10-20,0.5-1.0,3-7,Medium
63.8882,-22.43481,328.73,1.13,1.06,2024-11-25,1153,T,97,6.1NRT,286.74,37.3,D,POINT (-22.43481 63.8882),10-20,0.5-1.0,3-7,Medium
63.88077,-22.36816,320.05,1.12,1.06,2024-11-25,1153,T,0,6.1NRT,289.85,23.56,D,POINT (-22.36816 63.88077),10-20,0.5-1.0,3-7,Medium
63.88149,-22.46224,317.14,1.13,1.06,2024-11-25,1153,T,93,6.1NRT,279.26,24.42,D,POINT (-22.46224 63.88149),10-20,0.5-1.0,3-7,Medium
36.74332,6.25651,319.72,1.53,1.22,2024-11-25,1354,A,80,6.1NRT,295.18,30.5,D,POINT (6.25651 36.74332),10-20,0.5-1.0,3-7,Medium
36.74152,6.2394,304.75,1.53,1.22,2024-11-25,1354,A,56,6.1NRT,294.27,9.17,D,POINT (6.2394 36.74152),0-10,0.2-0.5,1-3,Easy
36.73634,6.25063,316.82,1.53,1.22,2024-11-25,1354,A,77,6.1NRT,295.36,25.56,D,POINT (6.25063 36.73634),10-20,0.5-1.0,3-7,Medium
38.23835,-1.52434,321.09,1.07,1.03,2024-11-25,1354,A,81,6.1NRT,293.34,18.93,D,POINT (-1.52434 38.23835),10-20,0.5-1.0,3-7,Medium
38.2364,-1.53616,306.27,1.07,1.03,2024-11-25,1354,A,62,6.1NRT,292.69,5.92,D,POINT (-1.53616 38.2364),0-10,0.2-0.5,1-3,Easy
63.90698,-22.31823,312.21,2.9,1.62,2024-11-25,1329,T,53,6.1NRT,274.51,75.84,D,POINT (-22.31823 63.90698),10-20,0.5-1.0,3-7,Medium
63.91006,-22.38334,341.18,2.88,1.62,2024-11-25,1329,T,90,6.1NRT,277.57,228.84,D,POINT (-22.38334 63.91006),20-30,1.0-2.0,7-15,Difficult
63.89524,-22.33748,382.66,2.9,1.62,2024-11-25,1329,T,100,6.1NRT,290.5,790.23,D,POINT (-22.33748 63.89524),30-50,2.0-3.5,15-25,Very Difficult
63.89759,-22.3272,378.59,1.51,1.21,2024-11-25,1401,A,100,6.1NRT,294.21,278.09,D,POINT (-22.3272 63.89759),30-50,2.0-3.5,15-25,Very Difficult
63.89121,-22.35399,437.82,1.51,1.21,2024-11-25,1401,A,100,6.1NRT,321.17,1046.15,D,POINT (-22.35399 63.89121),50+,3.5+,25+,Critical
63.8848,-22.3809,325.46,1.52,1.22,2024-11-25,1401,A,0,6.1NRT,294.76,48.54,D,POINT (-22.3809 63.8848),10-20,0.5-1.0,3-7,Medium
63.89428,-22.3929,316.94,1.52,1.22,2024-11-25,1401,A,26,6.1NRT,285.08,33.65,D,POINT (-22.3929 63.89428),10-20,0.5-1.0,3-7,Medium
63.88126,-22.44756,316.52,1.53,1.22,2024-11-25,1401,A,89,6.1NRT,286.68,36.01,D,POINT (-22.44756 63.88126),10-20,0.5-1.0,3-7,Medium
63.88799,-22.34324,401.75,2.17,1.43,2024-11-25,1539,A,100,6.1NRT,295.31,829.67,D,POINT (-22.34324 63.88799),50+,3.5+,25+,Critical
63.88585,-22.38668,371.22,2.16,1.43,2024-11-25,1539,A,100,6.1NRT,298.46,379.52,D,POINT (-22.38668 63.88585),30-50,2.0-3.5,15-25,Very Difficult
63.88373,-22.42927,312.31,2.15,1.43,2024-11-25,1539,A,20,6.1NRT,284.47,46.68,D,POINT (-22.42927 63.88373),10-20,0.5-1.0,3-7,Medium
63.88159,-22.47219,305.42,2.15,1.42,2024-11-25,1539,A,10,6.1NRT,277.45,32.68,D,POINT (-22.47219 63.88159),0-10,0.2-0.5,1-3,Easy
63.90069,-22.34609,337.63,2.17,1.43,2024-11-25,1539,A,100,6.1NRT,282.74,135.74,D,POINT (-22.34609 63.90069),20-30,1.0-2.0,7-15,Difficult
48.27538,14.3365,306.31,1.17,1.08,2024-11-25,1949,T,68,6.1NRT,276.0,15.16,N,POINT (14.3365 48.27538),0-10,0.2-0.5,1-3,Easy
35.81195,-0.2595,301.69,1.1,1.05,2024-11-25,2125,T,43,6.1NRT,288.5,6.32,N,POINT (-0.2595 35.81195),0-10,0.2-0.5,1-3,Easy
35.8105,-0.27148,302.12,1.1,1.04,2024-11-25,2125,T,47,6.1NRT,288.05,6.68,N,POINT (-0.27148 35.8105),0-10,0.2-0.5,1-3,Easy
63.89973,-22.33033,373.42,1.24,1.11,2024-11-25,2131,T,100,6.1NRT,280.74,179.44,N,POINT (-22.33033 63.89973),30-50,2.0-3.5,15-25,Very Difficult
63.89515,-22.35309,437.82,1.24,1.11,2024-11-25,2131,T,100,6.1NRT,321.09,780.06,N,POINT (-22.35309 63.89515),50+,3.5+,25+,Critical
63.89055,-22.37591,330.51,1.24,1.11,2024-11-25,2131,T,0,6.1NRT,298.11,43.47,N,POINT (-22.37591 63.89055),20-30,1.0-2.0,7-15,Difficult
63.90411,-22.36265,341.97,1.24,1.11,2024-11-25,2131,T,86,6.1NRT,290.74,67.12,N,POINT (-22.36265 63.90411),20-30,1.0-2.0,7-15,Difficult
63.89487,-22.40859,322.81,1.24,1.11,2024-11-25,2131,T,0,6.1NRT,290.31,31.68,N,POINT (-22.40859 63.89487),10-20,0.5-1.0,3-7,Medium
63.8936,-22.31164,327.97,2.86,1.61,2024-11-25,2309,T,0,6.1NRT,275.94,128.11,N,POINT (-22.31164 63.8936),10-20,0.5-1.0,3-7,Medium
63.89234,-22.36721,371.78,2.84,1.61,2024-11-25,2309,T,100,6.1NRT,294.83,574.52,N,POINT (-22.36721 63.89234),30-50,2.0-3.5,15-25,Very Difficult
63.89553,-22.31599,354.37,2.86,1.61,2024-11-25,2309,T,100,6.1NRT,280.35,346.56,N,POINT (-22.31599 63.89553),30-50,2.0-3.5,15-25,Very Difficult
63.89443,-22.3721,378.34,2.84,1.61,2024-11-25,2309,T,100,6.1NRT,295.39,691.01,N,POINT (-22.3721 63.89443),30-50,2.0-3.5,15-25,Very Difficult
63.90886,-22.37298,308.86,2.84,1.61,2024-11-25,2309,T,49,6.1NRT,278.01,62.53,N,POINT (-22.37298 63.90886),0-10,0.2-0.5,1-3,Easy
63.89885,-22.3457,317.17,3.97,1.85,2024-11-26,639,A,93,6.1NRT,267.57,152.42,N,POINT (-22.3457 63.89885),10-20,0.5-1.0,3-7,Medium
63.90516,-22.33328,319.23,3.97,1.85,2024-11-26,639,A,98,6.1NRT,269.95,168.11,N,POINT (-22.33328 63.90516),10-20,0.5-1.0,3-7,Medium
36.79613,7.68127,302.44,1.05,1.02,2024-11-26,924,T,29,6.1NRT,291.68,3.66,D,POINT (7.68127 36.79613),0-10,0.2-0.5,1-3,Easy
36.78716,7.67944,304.13,1.05,1.02,2024-11-26,924,T,51,6.1NRT,291.91,4.33,D,POINT (7.67944 36.78716),0-10,0.2-0.5,1-3,Easy
36.74265,6.25571,305.8,1.17,1.08,2024-11-26,924,T,62,6.1NRT,288.57,9.12,D,POINT (6.25571 36.74265),0-10,0.2-0.5,1-3,Easy
36.37653,5.96604,305.48,1.19,1.09,2024-11-26,924,T,61,6.1NRT,289.05,8.77,D,POINT (5.96604 36.37653),0-10,0.2-0.5,1-3,Easy
35.07295,6.47509,300.31,1.1,1.05,2024-11-26,924,T,34,6.1NRT,286.61,5.03,D,POINT (6.47509 35.07295),0-10,0.2-0.5,1-3,Easy
52.3127,27.47248,303.23,1.53,1.22,2024-11-26,1121,A,55,6.1NRT,276.59,17.58,D,POINT (27.47248 52.3127),0-10,0.2-0.5,1-3,Easy
39.23878,26.01662,300.11,3.43,1.74,2024-11-26,1255,A,28,6.1NRT,280.46,41.35,D,POINT (26.01662 39.23878),0-10,0.2-0.5,1-3,Easy
39.23606,26.00809,303.74,3.43,1.74,2024-11-26,1255,A,57,6.1NRT,280.52,52.61,D,POINT (26.00809 39.23606),0-10,0.2-0.5,1-3,Easy
40.49252,22.59972,303.68,2.16,1.43,2024-11-26,1257,A,43,6.1NRT,285.24,18.81,D,POINT (22.59972 40.49252),0-10,0.2-0.5,1-3,Easy
41.07643,23.33186,302.09,2.44,1.51,2024-11-26,1257,A,14,6.1NRT,284.49,18.31,D,POINT (23.33186 41.07643),0-10,0.2-0.5,1-3,Easy
41.10173,23.34954,302.94,2.45,1.51,2024-11-26,1257,A,42,6.1NRT,284.84,19.78,D,POINT (23.34954 41.10173),0-10,0.2-0.5,1-3,Easy
41.09978,23.32102,301.65,2.44,1.51,2024-11-26,1257,A,25,6.1NRT,285.66,17.49,D,POINT (23.32102 41.09978),0-10,0.2-0.5,1-3,Easy
63.90296,-22.31918,311.86,1.13,1.06,2024-11-26,1231,T,46,6.1NRT,270.04,18.33,D,POINT (-22.31918 63.90296),10-20,0.5-1.0,3-7,Medium
63.89823,-22.34874,367.39,1.13,1.06,2024-11-26,1231,T,100,6.1NRT,275.64,134.78,D,POINT (-22.34874 63.89823),30-50,2.0-3.5,15-25,Very Difficult
63.89424,-22.32764,346.02,1.13,1.06,2024-11-26,1231,T,100,6.1NRT,272.74,70.45,D,POINT (-22.32764 63.89424),20-30,1.0-2.0,7-15,Difficult
63.89037,-22.30721,305.06,1.14,1.06,2024-11-26,1231,T,13,6.1NRT,268.85,12.97,D,POINT (-22.30721 63.89037),0-10,0.2-0.5,1-3,Easy
63.88952,-22.35722,310.69,1.13,1.06,2024-11-26,1231,T,24,6.1NRT,269.14,16.48,D,POINT (-22.35722 63.88952),10-20,0.5-1.0,3-7,Medium
63.88552,-22.33613,312.6,1.13,1.06,2024-11-26,1231,T,42,6.1NRT,270.27,18.03,D,POINT (-22.33613 63.88552),10-20,0.5-1.0,3-7,Medium
37.5868,-7.07239,301.36,1.09,1.04,2024-11-26,1433,A,46,6.1NRT,281.86,6.65,D,POINT (-7.07239 37.5868),0-10,0.2-0.5,1-3,Easy
40.81174,-8.417,300.18,1.06,1.03,2024-11-26,1435,A,31,6.1NRT,286.6,5.34,D,POINT (-8.417 40.81174),0-10,0.2-0.5,1-3,Easy
63.89421,-22.3149,311.32,1.0,1.0,2024-11-26,1441,A,24,6.1NRT,281.46,14.3,D,POINT (-22.3149 63.89421),10-20,0.5-1.0,3-7,Medium
63.89125,-22.33404,421.0,1.0,1.0,2024-11-26,1441,A,100,6.1NRT,315.26,407.18,D,POINT (-22.33404 63.89125),50+,3.5+,25+,Critical
63.88828,-22.35316,447.86,1.0,1.0,2024-11-26,1441,A,100,6.1NRT,337.68,686.68,D,POINT (-22.35316 63.88828),50+,3.5+,25+,Critical
63.88531,-22.37227,320.79,1.0,1.0,2024-11-26,1441,A,0,6.1NRT,303.23,20.5,D,POINT (-22.37227 63.88531),10-20,0.5-1.0,3-7,Medium
63.89967,-22.34081,333.23,1.0,1.0,2024-11-26,1441,A,100,6.1NRT,275.73,36.45,D,POINT (-22.34081 63.89967),20-30,1.0-2.0,7-15,Difficult
63.8967,-22.35994,355.39,1.0,1.0,2024-11-26,1441,A,100,6.1NRT,298.87,76.17,D,POINT (-22.35994 63.8967),30-50,2.0-3.5,15-25,Very Difficult
63.89075,-22.3982,322.13,1.0,1.0,2024-11-26,1441,A,32,6.1NRT,295.77,22.03,D,POINT (-22.3982 63.89075),10-20,0.5-1.0,3-7,Medium
63.8848,-22.43645,306.61,1.0,1.0,2024-11-26,1441,A,35,6.1NRT,284.93,10.91,D,POINT (-22.43645 63.8848),0-10,0.2-0.5,1-3,Easy
63.88182,-22.45558,308.91,1.0,1.0,2024-11-26,1441,A,64,6.1NRT,285.13,12.82,D,POINT (-22.45558 63.88182),0-10,0.2-0.5,1-3,Easy
63.90511,-22.36673,314.01,1.0,1.0,2024-11-26,1441,A,57,6.1NRT,289.2,15.46,D,POINT (-22.36673 63.90511),10-20,0.5-1.0,3-7,Medium
50.85175,24.76101,307.12,1.52,1.22,2024-11-26,1849,T,70,6.1NRT,272.5,23.29,N,POINT (24.76101 50.85175),0-10,0.2-0.5,1-3,Easy
51.16601,3.81588,301.2,1.1,1.04,2024-11-26,2029,T,39,6.1NRT,276.92,9.55,N,POINT (3.81588 51.16601),0-10,0.2-0.5,1-3,Easy
51.17161,3.80701,317.47,1.1,1.04,2024-11-26,2029,T,95,6.1NRT,277.64,23.32,N,POINT (3.80701 51.17161),10-20,0.5-1.0,3-7,Medium
63.90373,-22.33874,314.73,3.25,1.7,2024-11-26,2033,T,86,6.1NRT,269.89,101.09,N,POINT (-22.33874 63.90373),10-20,0.5-1.0,3-7,Medium
63.88601,-22.3904,325.23,3.26,1.71,2024-11-26,2033,T,100,6.1NRT,276.53,156.98,N,POINT (-22.3904 63.88601),10-20,0.5-1.0,3-7,Medium
63.897,-22.33357,424.37,1.05,1.02,2024-11-26,2212,T,100,6.1NRT,311.67,465.49,N,POINT (-22.33357 63.897),50+,3.5+,25+,Critical
63.89447,-22.35413,459.89,1.05,1.02,2024-11-26,2212,T,100,6.1NRT,329.56,907.33,N,POINT (-22.35413 63.89447),50+,3.5+,25+,Critical
63.89194,-22.37468,330.74,1.05,1.02,2024-11-26,2212,T,0,6.1NRT,293.43,32.31,N,POINT (-22.37468 63.89194),20-30,1.0-2.0,7-15,Difficult
63.90581,-22.33922,349.19,1.05,1.02,2024-11-26,2212,T,100,6.1NRT,283.16,67.41,N,POINT (-22.33922 63.90581),20-30,1.0-2.0,7-15,Difficult
63.90329,-22.35971,400.08,1.05,1.02,2024-11-26,2212,T,100,6.1NRT,297.63,272.4,N,POINT (-22.35971 63.90329),50+,3.5+,25+,Critical
49.24829,6.85489,302.44,1.02,1.01,2024-11-27,230,A,49,6.1NRT,275.31,9.9,N,POINT (6.85489 49.24829),0-10,0.2-0.5,1-3,Easy
36.74801,6.26462,303.54,1.13,1.06,2024-11-27,234,A,56,6.1NRT,283.19,10.09,N,POINT (6.26462 36.74801),0-10,0.2-0.5,1-3,Easy
63.91278,-22.35525,311.63,2.16,1.43,2024-11-27,404,A,50,6.1NRT,279.56,44.11,N,POINT (-22.35525 63.91278),10-20,0.5-1.0,3-7,Medium
63.90009,-22.35805,403.97,2.16,1.43,2024-11-27,404,A,100,6.1NRT,292.72,866.95,N,POINT (-22.35805 63.90009),50+,3.5+,25+,Critical
63.89785,-22.3131,390.75,2.15,1.43,2024-11-27,404,A,100,6.1NRT,294.81,631.26,N,POINT (-22.3131 63.89785),30-50,2.0-3.5,15-25,Very Difficult
63.89914,-22.362,381.56,2.16,1.43,2024-11-27,404,A,100,6.1NRT,288.01,501.28,N,POINT (-22.362 63.89914),30-50,2.0-3.5,15-25,Very Difficult
63.89677,-22.31736,382.29,2.15,1.43,2024-11-27,404,A,100,6.1NRT,298.39,508.29,N,POINT (-22.31736 63.89677),30-50,2.0-3.5,15-25,Very Difficult
63.91092,-22.35348,310.86,1.51,1.21,2024-11-27,542,A,62,6.1NRT,279.92,25.58,N,POINT (-22.35348 63.91092),10-20,0.5-1.0,3-7,Medium
63.90452,-22.32663,339.15,1.52,1.22,2024-11-27,542,A,100,6.1NRT,288.44,85.05,N,POINT (-22.32663 63.90452),20-30,1.0-2.0,7-15,Difficult
63.90141,-22.36534,386.33,1.51,1.21,2024-11-27,542,A,100,6.1NRT,287.7,338.43,N,POINT (-22.36534 63.90141),30-50,2.0-3.5,15-25,Very Difficult
63.89499,-22.33844,445.57,1.52,1.22,2024-11-27,542,A,100,6.1NRT,317.97,1214.88,N,POINT (-22.33844 63.89499),50+,3.5+,25+,Critical
63.88879,-22.31251,323.93,1.52,1.22,2024-11-27,542,A,100,6.1NRT,279.77,47.0,N,POINT (-22.31251 63.88879),10-20,0.5-1.0,3-7,Medium
63.89194,-22.37732,313.22,1.51,1.21,2024-11-27,542,A,53,6.1NRT,289.97,28.06,N,POINT (-22.37732 63.89194),10-20,0.5-1.0,3-7,Medium
63.88547,-22.35027,311.37,1.52,1.22,2024-11-27,542,A,32,6.1NRT,285.66,24.24,N,POINT (-22.35027 63.88547),10-20,0.5-1.0,3-7,Medium
42.13252,24.92541,301.03,1.01,1.0,2024-11-27,824,T,44,6.1NRT,285.66,4.84,D,POINT (24.92541 42.13252),0-10,0.2-0.5,1-3,Easy
44.35503,4.69706,308.46,1.14,1.06,2024-11-27,1002,T,58,6.1NRT,283.89,12.9,D,POINT (4.69706 44.35503),0-10,0.2-0.5,1-3,Easy
44.35268,4.71077,316.2,1.14,1.06,2024-11-27,1002,T,58,6.1NRT,283.75,20.06,D,POINT (4.71077 44.35268),10-20,0.5-1.0,3-7,Medium
43.44828,4.89974,300.31,1.19,1.09,2024-11-27,1002,T,26,6.1NRT,284.95,7.35,D,POINT (4.89974 43.44828),0-10,0.2-0.5,1-3,Easy
43.22115,2.74363,307.13,1.03,1.02,2024-11-27,1002,T,65,6.1NRT,283.09,10.64,D,POINT (2.74363 43.22115),0-10,0.2-0.5,1-3,Easy
41.03622,25.43204,303.72,1.21,1.09,2024-11-27,1159,A,57,6.1NRT,290.88,6.73,D,POINT (25.43204 41.03622),0-10,0.2-0.5,1-3,Easy
40.53294,22.56263,306.52,1.74,1.29,2024-11-27,1159,A,41,6.1NRT,287.56,15.55,D,POINT (22.56263 40.53294),0-10,0.2-0.5,1-3,Easy
41.07938,25.26578,301.0,1.23,1.1,2024-11-27,1159,A,44,6.1NRT,289.1,5.26,D,POINT (25.26578 41.07938),0-10,0.2-0.5,1-3,Easy
41.08405,23.36323,320.83,1.52,1.22,2024-11-27,1159,A,39,6.1NRT,290.69,28.09,D,POINT (23.36323 41.08405),10-20,0.5-1.0,3-7,Medium
41.11201,23.33487,308.56,1.53,1.22,2024-11-27,1159,A,58,6.1NRT,290.03,13.22,D,POINT (23.33487 41.11201),0-10,0.2-0.5,1-3,Easy
41.08006,22.64293,315.51,1.67,1.27,2024-11-27,1159,A,76,6.1NRT,290.2,27.1,D,POINT (22.64293 41.08006),10-20,0.5-1.0,3-7,Medium
41.07621,22.62393,304.92,1.67,1.27,2024-11-27,1159,A,43,6.1NRT,289.49,11.31,D,POINT (22.62393 41.07621),0-10,0.2-0.5,1-3,Easy
41.07927,22.63812,319.5,1.67,1.27,2024-11-27,1159,A,79,6.1NRT,290.13,36.58,D,POINT (22.63812 41.07927),10-20,0.5-1.0,3-7,Medium
41.02851,22.11082,308.74,1.79,1.31,2024-11-27,1159,A,68,6.1NRT,291.15,18.88,D,POINT (22.11082 41.02851),0-10,0.2-0.5,1-3,Easy
42.24734,24.88029,301.98,1.22,1.1,2024-11-27,1159,A,50,6.1NRT,289.37,6.05,D,POINT (24.88029 42.24734),0-10,0.2-0.5,1-3,Easy
42.57243,24.88332,301.93,1.2,1.09,2024-11-27,1159,A,50,6.1NRT,286.21,7.5,D,POINT (24.88332 42.57243),0-10,0.2-0.5,1-3,Easy
43.62802,23.88153,301.95,1.27,1.12,2024-11-27,1159,A,50,6.1NRT,287.25,7.66,D,POINT (23.88153 43.62802),0-10,0.2-0.5,1-3,Easy
43.85781,23.6002,300.15,1.29,1.13,2024-11-27,1159,A,0,6.1NRT,283.03,6.52,D,POINT (23.6002 43.85781),0-10,0.2-0.5,1-3,Easy
44.36092,24.12673,306.26,1.21,1.09,2024-11-27,1159,A,60,6.1NRT,284.34,11.64,D,POINT (24.12673 44.36092),0-10,0.2-0.5,1-3,Easy
44.51954,23.78687,301.26,1.24,1.1,2024-11-27,1159,A,46,6.1NRT,285.01,8.35,D,POINT (23.78687 44.51954),0-10,0.2-0.5,1-3,Easy
36.82223,9.80651,309.05,1.32,1.14,2024-11-27,1335,A,67,6.1NRT,293.33,9.51,D,POINT (9.80651 36.82223),0-10,0.2-0.5,1-3,Easy
36.63008,6.1535,300.54,1.0,1.0,2024-11-27,1335,A,18,6.1NRT,290.25,3.6,D,POINT (6.1535 36.63008),0-10,0.2-0.5,1-3,Easy
36.63882,6.15149,300.63,1.0,1.0,2024-11-27,1335,A,34,6.1NRT,289.15,4.05,D,POINT (6.15149 36.63882),0-10,0.2-0.5,1-3,Easy
36.7469,6.25649,312.88,1.01,1.0,2024-11-27,1335,A,73,6.1NRT,293.32,10.76,D,POINT (6.25649 36.7469),10-20,0.5-1.0,3-7,Medium
36.74535,6.24554,304.8,1.01,1.0,2024-11-27,1335,A,60,6.1NRT,293.32,5.32,D,POINT (6.24554 36.74535),0-10,0.2-0.5,1-3,Easy
44.18509,-0.9265,332.81,1.26,1.11,2024-11-27,1337,A,83,6.1NRT,286.91,47.42,D,POINT (-0.9265 44.18509),20-30,1.0-2.0,7-15,Difficult
63.89412,-22.33343,380.36,1.96,1.37,2024-11-27,2252,T,100,6.1NRT,282.49,422.49,N,POINT (-22.33343 63.89412),30-50,2.0-3.5,15-25,Very Difficult
63.89198,-22.37298,353.47,1.95,1.36,2024-11-27,2252,T,98,6.1NRT,283.25,188.81,N,POINT (-22.37298 63.89198),30-50,2.0-3.5,15-25,Very Difficult
63.8977,-22.33875,392.27,1.96,1.37,2024-11-27,2252,T,100,6.1NRT,289.79,569.3,N,POINT (-22.33875 63.8977),30-50,2.0-3.5,15-25,Very Difficult
63.89568,-22.37844,349.33,1.95,1.36,2024-11-27,2252,T,100,6.1NRT,284.93,170.71,N,POINT (-22.37844 63.89568),20-30,1.0-2.0,7-15,Difficult
63.90985,-22.34185,305.78,1.96,1.37,2024-11-27,2252,T,28,6.1NRT,272.56,29.75,N,POINT (-22.34185 63.90985),0-10,0.2-0.5,1-3,Easy
35.81065,-0.24881,301.92,1.78,1.31,2024-11-28,314,A,45,6.1NRT,287.3,17.18,N,POINT (-0.24881 35.81065),0-10,0.2-0.5,1-3,Easy
63.91079,-22.34341,316.03,1.1,1.04,2024-11-28,444,A,38,6.1NRT,274.29,18.35,N,POINT (-22.34341 63.91079),10-20,0.5-1.0,3-7,Medium
63.90441,-22.37049,318.9,1.1,1.05,2024-11-28,444,A,25,6.1NRT,274.68,20.31,N,POINT (-22.37049 63.90441),10-20,0.5-1.0,3-7,Medium
63.90178,-22.34895,465.4,1.1,1.04,2024-11-28,444,A,100,6.1NRT,318.93,1069.97,N,POINT (-22.34895 63.90178),50+,3.5+,25+,Critical
63.89916,-22.32753,414.57,1.1,1.04,2024-11-28,444,A,100,6.1NRT,313.38,405.1,N,POINT (-22.32753 63.89916),50+,3.5+,25+,Critical
63.89276,-22.35446,326.3,1.1,1.04,2024-11-28,444,A,49,6.1NRT,284.89,30.48,N,POINT (-22.35446 63.89276),10-20,0.5-1.0,3-7,Medium
63.89014,-22.33301,335.74,1.1,1.04,2024-11-28,444,A,74,6.1NRT,277.2,44.39,N,POINT (-22.33301 63.89014),20-30,1.0-2.0,7-15,Difficult
43.17635,-4.20382,351.01,1.32,1.14,2024-11-28,1042,T,96,6.1NRT,291.58,98.86,D,POINT (-4.20382 43.17635),30-50,2.0-3.5,15-25,Very Difficult
43.1734,-4.18797,304.1,1.32,1.14,2024-11-28,1042,T,58,6.1NRT,287.28,10.11,D,POINT (-4.18797 43.1734),0-10,0.2-0.5,1-3,Easy
35.29697,-5.51625,301.45,1.64,1.26,2024-11-28,1045,T,47,6.1NRT,290.13,8.95,D,POINT (-5.51625 35.29697),0-10,0.2-0.5,1-3,Easy
63.90268,-22.36144,361.75,4.82,2.0,2024-11-28,1036,T,100,6.1NRT,276.35,0.0,N,POINT (-22.36144 63.90268),30-50,2.0-3.5,15-25,Very Difficult
63.90409,-22.36691,347.11,4.82,2.0,2024-11-28,1036,T,100,6.1NRT,274.93,0.0,N,POINT (-22.36691 63.90409),20-30,1.0-2.0,7-15,Difficult
51.17263,3.82799,301.5,2.02,1.39,2024-11-28,1038,T,0,6.1NRT,277.6,20.56,D,POINT (3.82799 51.17263),0-10,0.2-0.5,1-3,Easy
38.25814,23.42373,313.72,1.21,1.1,2024-11-28,1238,A,74,6.1NRT,291.21,15.4,D,POINT (23.42373 38.25814),10-20,0.5-1.0,3-7,Medium
40.50966,22.61572,301.73,1.19,1.08,2024-11-28,1238,A,39,6.1NRT,286.47,6.22,D,POINT (22.61572 40.50966),0-10,0.2-0.5,1-3,Easy
40.50806,22.60204,307.3,1.19,1.08,2024-11-28,1238,A,65,6.1NRT,287.01,10.12,D,POINT (22.60204 40.50806),0-10,0.2-0.5,1-3,Easy
40.56063,22.63354,304.19,1.19,1.09,2024-11-28,1238,A,50,6.1NRT,286.56,7.25,D,POINT (22.63354 40.56063),0-10,0.2-0.5,1-3,Easy
41.19237,15.80819,301.99,1.17,1.08,2024-11-28,1238,A,45,6.1NRT,291.19,4.39,D,POINT (15.80819 41.19237),0-10,0.2-0.5,1-3,Easy
63.90047,-22.35242,476.17,1.0,1.0,2024-11-28,1214,T,100,6.1NRT,325.09,1117.74,D,POINT (-22.35242 63.90047),50+,3.5+,25+,Critical
63.89754,-22.33322,411.62,1.0,1.0,2024-11-28,1214,T,100,6.1NRT,303.47,331.04,D,POINT (-22.33322 63.89754),50+,3.5+,25+,Critical
63.89201,-22.359,325.16,1.0,1.0,2024-11-28,1214,T,46,6.1NRT,285.15,23.77,D,POINT (-22.359 63.89201),10-20,0.5-1.0,3-7,Medium
63.88908,-22.3398,347.53,1.0,1.0,2024-11-28,1214,T,100,6.1NRT,277.26,57.23,D,POINT (-22.3398 63.88908),20-30,1.0-2.0,7-15,Difficult
63.89885,-22.36409,366.11,4.08,1.87,2024-11-28,1352,T,100,6.1NRT,278.87,840.96,D,POINT (-22.36409 63.89885),30-50,2.0-3.5,15-25,Very Difficult
63.87547,-22.30395,328.66,4.11,1.88,2024-11-28,1352,T,100,6.1NRT,267.83,254.95,D,POINT (-22.30395 63.87547),10-20,0.5-1.0,3-7,Medium
63.90801,-22.35273,341.63,4.08,1.87,2024-11-28,1352,T,100,6.1NRT,275.77,392.45,D,POINT (-22.35273 63.90801),20-30,1.0-2.0,7-15,Difficult
63.88575,-22.29459,325.67,4.11,1.88,2024-11-28,1352,T,95,6.1NRT,267.43,217.87,D,POINT (-22.29459 63.88575),10-20,0.5-1.0,3-7,Medium
63.89567,-22.37827,332.79,4.08,1.87,2024-11-28,1352,T,100,6.1NRT,273.17,295.88,D,POINT (-22.37827 63.89567),20-30,1.0-2.0,7-15,Difficult
63.87209,-22.3168,307.64,4.11,1.88,2024-11-28,1352,T,56,6.1NRT,266.58,106.38,D,POINT (-22.3168 63.87209),0-10,0.2-0.5,1-3,Easy
35.80919,-0.24869,303.57,1.26,1.12,2024-11-28,1414,A,19,6.1NRT,291.3,4.18,D,POINT (-0.24869 35.80919),0-10,0.2-0.5,1-3,Easy
35.8076,-0.26246,307.88,1.26,1.12,2024-11-28,1414,A,57,6.1NRT,293.08,7.78,D,POINT (-0.26246 35.8076),0-10,0.2-0.5,1-3,Easy
38.29967,-5.89623,303.42,1.02,1.01,2024-11-28,1414,A,49,6.1NRT,290.14,5.3,D,POINT (-5.89623 38.29967),0-10,0.2-0.5,1-3,Easy
38.93862,-5.90276,312.85,1.02,1.01,2024-11-28,1416,A,73,6.1NRT,291.71,11.2,D,POINT (-5.90276 38.93862),10-20,0.5-1.0,3-7,Medium
38.93686,-5.91412,323.79,1.02,1.01,2024-11-28,1416,A,83,6.1NRT,292.48,21.62,D,POINT (-5.91412 38.93686),10-20,0.5-1.0,3-7,Medium
39.13292,-5.41917,305.89,1.0,1.0,2024-11-28,1416,A,62,6.1NRT,289.9,6.72,D,POINT (-5.41917 39.13292),0-10,0.2-0.5,1-3,Easy
40.78278,-8.40284,300.78,1.14,1.06,2024-11-28,1416,A,39,6.1NRT,289.87,5.08,D,POINT (-8.40284 40.78278),0-10,0.2-0.5,1-3,Easy
41.65696,-8.69303,301.9,1.13,1.06,2024-11-28,1416,A,50,6.1NRT,290.14,5.9,D,POINT (-8.69303 41.65696),0-10,0.2-0.5,1-3,Easy
43.52433,-5.73298,313.25,1.01,1.0,2024-11-28,1416,A,73,6.1NRT,290.49,12.99,D,POINT (-5.73298 43.52433),10-20,0.5-1.0,3-7,Medium
43.52261,-5.7451,301.54,1.01,1.0,2024-11-28,1416,A,48,6.1NRT,289.8,5.29,D,POINT (-5.7451 43.52261),0-10,0.2-0.5,1-3,Easy
63.89614,-22.32603,347.68,1.13,1.06,2024-11-28,1424,A,100,6.1NRT,278.73,71.27,D,POINT (-22.32603 63.89614),20-30,1.0-2.0,7-15,Difficult
63.89212,-22.3469,453.98,1.13,1.06,2024-11-28,1424,A,100,6.1NRT,320.84,914.89,D,POINT (-22.3469 63.89212),50+,3.5+,25+,Critical
63.88808,-22.36778,359.26,1.13,1.06,2024-11-28,1424,A,100,6.1NRT,293.01,103.19,D,POINT (-22.36778 63.88808),30-50,2.0-3.5,15-25,Very Difficult
63.90076,-22.35559,392.13,1.13,1.06,2024-11-28,1424,A,100,6.1NRT,286.61,253.53,D,POINT (-22.35559 63.90076),30-50,2.0-3.5,15-25,Very Difficult
63.89673,-22.37647,351.38,1.13,1.06,2024-11-28,1424,A,100,6.1NRT,280.27,81.74,D,POINT (-22.37647 63.89673),30-50,2.0-3.5,15-25,Very Difficult
63.88563,-22.33434,342.36,3.34,1.72,2024-11-28,1602,A,100,6.1NRT,272.52,0.0,N,POINT (-22.33434 63.88563),20-30,1.0-2.0,7-15,Difficult
63.8847,-22.40036,323.74,3.32,1.72,2024-11-28,1602,A,93,6.1NRT,278.98,0.0,N,POINT (-22.40036 63.8847),10-20,0.5-1.0,3-7,Medium
63.90102,-22.33461,348.64,3.34,1.72,2024-11-28,1602,A,100,6.1NRT,270.76,0.0,N,POINT (-22.33461 63.90102),20-30,1.0-2.0,7-15,Difficult
63.90005,-22.40088,342.95,3.32,1.72,2024-11-28,1602,A,100,6.1NRT,273.94,0.0,N,POINT (-22.40088 63.90005),20-30,1.0-2.0,7-15,Difficult
63.89619,-22.33758,357.48,3.34,1.72,2024-11-28,1602,A,100,6.1NRT,276.59,0.0,N,POINT (-22.33758 63.89619),30-50,2.0-3.5,15-25,Very Difficult
63.89544,-22.40377,338.95,3.32,1.72,2024-11-28,1602,A,100,6.1NRT,280.79,0.0,N,POINT (-22.40377 63.89544),20-30,1.0-2.0,7-15,Difficult
49.34966,6.74192,300.08,1.35,1.15,2024-11-28,2010,T,16,6.1NRT,274.22,13.48,N,POINT (6.74192 49.34966),0-10,0.2-0.5,1-3,Easy
51.17539,3.80807,302.2,1.63,1.26,2024-11-28,2012,T,47,6.1NRT,276.4,19.42,N,POINT (3.80807 51.17539),0-10,0.2-0.5,1-3,Easy
63.90168,-22.33636,361.92,4.31,1.92,2024-11-28,2014,T,100,6.1NRT,276.05,0.0,N,POINT (-22.33636 63.90168),30-50,2.0-3.5,15-25,Very Difficult
63.87611,-22.40056,325.48,4.34,1.92,2024-11-28,2014,T,95,6.1NRT,270.24,0.0,N,POINT (-22.40056 63.87611),10-20,0.5-1.0,3-7,Medium
63.90334,-22.34839,356.29,4.31,1.92,2024-11-28,2014,T,100,6.1NRT,276.31,0.0,N,POINT (-22.34839 63.90334),30-50,2.0-3.5,15-25,Very Difficult
63.87752,-22.41236,322.5,4.34,1.92,2024-11-28,2014,T,92,6.1NRT,268.47,0.0,N,POINT (-22.41236 63.87752),10-20,0.5-1.0,3-7,Medium
63.89351,-22.32971,357.6,1.01,1.01,2024-11-28,2154,T,100,6.1NRT,285.05,81.67,N,POINT (-22.32971 63.89351),30-50,2.0-3.5,15-25,Very Difficult
63.89046,-22.34905,362.47,1.01,1.01,2024-11-28,2154,T,100,6.1NRT,290.66,95.52,N,POINT (-22.34905 63.89046),30-50,2.0-3.5,15-25,Very Difficult
63.90197,-22.33665,406.43,1.01,1.01,2024-11-28,2154,T,100,6.1NRT,289.02,300.32,N,POINT (-22.33665 63.90197),50+,3.5+,25+,Critical
63.89893,-22.356,472.54,1.01,1.01,2024-11-28,2154,T,100,6.1NRT,319.05,1069.42,N,POINT (-22.356 63.89893),50+,3.5+,25+,Critical
63.89588,-22.37532,325.9,1.01,1.01,2024-11-28,2154,T,51,6.1NRT,280.85,24.75,N,POINT (-22.37532 63.89588),10-20,0.5-1.0,3-7,Medium
63.9003,-22.34781,365.2,4.44,1.94,2024-11-28,2333,T,100,6.1NRT,278.42,0.0,N,POINT (-22.34781 63.9003),30-50,2.0-3.5,15-25,Very Difficult
63.90176,-22.35527,365.52,4.44,1.94,2024-11-28,2333,T,100,6.1NRT,277.78,0.0,N,POINT (-22.35527 63.90176),30-50,2.0-3.5,15-25,Very Difficult
45.48165,10.20954,301.94,1.02,1.01,2024-11-29,213,A,45,6.1NRT,276.82,9.42,N,POINT (10.20954 45.48165),0-10,0.2-0.5,1-3,Easy
45.47987,10.22216,302.63,1.02,1.01,2024-11-29,213,A,50,6.1NRT,276.93,9.75,N,POINT (10.22216 45.47987),0-10,0.2-0.5,1-3,Easy
63.90022,-22.33282,393.2,3.19,1.69,2024-11-29,346,A,100,6.1NRT,287.88,0.0,N,POINT (-22.33282 63.90022),30-50,2.0-3.5,15-25,Very Difficult
63.90348,-22.34252,389.06,3.19,1.69,2024-11-29,346,A,100,6.1NRT,286.13,0.0,N,POINT (-22.34252 63.90348),30-50,2.0-3.5,15-25,Very Difficult
63.90216,-22.27309,323.38,3.18,1.69,2024-11-29,346,A,93,6.1NRT,268.0,0.0,N,POINT (-22.27309 63.90216),10-20,0.5-1.0,3-7,Medium
63.90371,-22.3669,337.88,1.15,1.07,2024-11-29,525,A,94,6.1NRT,276.31,49.29,N,POINT (-22.3669 63.90371),20-30,1.0-2.0,7-15,Difficult
63.8995,-22.34565,448.01,1.15,1.07,2024-11-29,525,A,100,6.1NRT,315.04,845.75,N,POINT (-22.34565 63.8995),50+,3.5+,25+,Critical
63.89529,-22.32435,376.64,1.16,1.07,2024-11-29,525,A,100,6.1NRT,292.96,172.09,N,POINT (-22.32435 63.89529),30-50,2.0-3.5,15-25,Very Difficult
63.8908,-22.35462,324.86,1.15,1.07,2024-11-29,525,A,54,6.1NRT,285.3,27.81,N,POINT (-22.35462 63.8908),10-20,0.5-1.0,3-7,Medium
36.88233,7.42988,307.71,1.23,1.1,2024-11-29,945,T,66,6.1NRT,290.44,10.09,D,POINT (7.42988 36.88233),0-10,0.2-0.5,1-3,Easy
51.69168,15.98051,303.89,1.51,1.21,2024-11-29,938,T,57,6.1NRT,277.21,17.23,D,POINT (15.98051 51.69168),0-10,0.2-0.5,1-3,Easy
51.17374,3.82079,300.79,1.29,1.13,2024-11-29,941,T,36,6.1NRT,275.68,12.05,D,POINT (3.82079 51.17374),0-10,0.2-0.5,1-3,Easy
36.74416,6.25737,323.17,1.11,1.05,2024-11-29,945,T,82,6.1NRT,290.27,24.58,D,POINT (6.25737 36.74416),10-20,0.5-1.0,3-7,Medium
36.12838,1.24203,301.47,1.11,1.05,2024-11-29,945,T,47,6.1NRT,290.83,4.24,D,POINT (1.24203 36.12838),0-10,0.2-0.5,1-3,Easy
45.47889,10.21429,312.23,1.18,1.08,2024-11-29,941,T,72,6.1NRT,282.24,17.94,D,POINT (10.21429 45.47889),10-20,0.5-1.0,3-7,Medium
37.02362,29.93649,301.09,1.48,1.2,2024-11-29,1138,A,44,6.1NRT,285.74,9.98,D,POINT (29.93649 37.02362),0-10,0.2-0.5,1-3,Easy
37.51849,29.81541,308.76,1.47,1.2,2024-11-29,1138,A,68,6.1NRT,287.23,15.65,D,POINT (29.81541 37.51849),0-10,0.2-0.5,1-3,Easy
43.44654,4.88919,303.93,1.17,1.08,2024-11-29,1318,A,0,6.1NRT,288.87,8.29,D,POINT (4.88919 43.44654),0-10,0.2-0.5,1-3,Easy
63.89621,-22.35642,392.14,1.55,1.23,2024-11-29,1255,T,100,6.1NRT,269.5,0.0,D,POINT (-22.35642 63.89621),30-50,2.0-3.5,15-25,Very Difficult
51.36661,6.70833,308.38,1.03,1.01,2024-11-29,1320,A,51,6.1NRT,281.88,12.62,D,POINT (6.70833 51.36661),0-10,0.2-0.5,1-3,Easy
51.48612,6.70625,304.95,1.03,1.01,2024-11-29,1320,A,0,6.1NRT,281.67,10.02,D,POINT (6.70625 51.48612),0-10,0.2-0.5,1-3,Easy
51.17129,3.80566,315.47,1.02,1.01,2024-11-29,1320,A,57,6.1NRT,279.77,18.15,D,POINT (3.80566 51.17129),10-20,0.5-1.0,3-7,Medium
36.74346,6.25824,303.57,1.0,1.0,2024-11-29,2046,T,56,6.1NRT,285.6,8.17,N,POINT (6.25824 36.74346),0-10,0.2-0.5,1-3,Easy
51.17065,3.80763,314.55,1.07,1.03,2024-11-29,2050,T,89,6.1NRT,276.63,20.04,N,POINT (3.80763 51.17065),10-20,0.5-1.0,3-7,Medium
51.04391,2.29249,306.44,1.01,1.0,2024-11-29,2050,T,46,6.1NRT,277.47,10.99,N,POINT (2.29249 51.04391),0-10,0.2-0.5,1-3,Easy
51.17532,3.81398,307.86,1.0,1.0,2024-11-30,249,A,73,6.1NRT,275.92,12.9,N,POINT (3.81398 51.17532),0-10,0.2-0.5,1-3,Easy
37.99862,-1.10756,352.85,1.0,1.0,2024-11-30,253,A,100,6.1NRT,284.95,71.44,N,POINT (-1.10756 37.99862),30-50,2.0-3.5,15-25,Very Difficult
37.99696,-1.0965,327.6,1.0,1.0,2024-11-30,253,A,100,6.1NRT,284.36,28.76,N,POINT (-1.0965 37.99696),10-20,0.5-1.0,3-7,Medium
37.28707,-3.79341,302.84,1.09,1.04,2024-11-30,1025,T,50,6.1NRT,287.39,6.02,D,POINT (-3.79341 37.28707),0-10,0.2-0.5,1-3,Easy
37.28509,-3.78134,312.67,1.09,1.04,2024-11-30,1025,T,73,6.1NRT,287.39,13.35,D,POINT (-3.78134 37.28509),10-20,0.5-1.0,3-7,Medium
37.27601,-3.78364,307.78,1.09,1.04,2024-11-30,1025,T,54,6.1NRT,287.56,9.02,D,POINT (-3.78364 37.27601),0-10,0.2-0.5,1-3,Easy
51.17035,3.80704,313.74,1.27,1.12,2024-11-30,1019,T,70,6.1NRT,279.32,23.29,D,POINT (3.80704 51.17035),10-20,0.5-1.0,3-7,Medium
43.45173,4.90523,300.1,2.26,1.46,2024-11-30,1021,T,0,6.1NRT,283.32,18.59,D,POINT (4.90523 43.45173),0-10,0.2-0.5,1-3,Easy
38.76826,-1.62551,302.07,1.28,1.12,2024-11-30,1023,T,50,6.1NRT,288.72,6.86,D,POINT (-1.62551 38.76826),0-10,0.2-0.5,1-3,Easy
38.76572,-1.61146,300.06,1.28,1.12,2024-11-30,1023,T,25,6.1NRT,288.79,5.3,D,POINT (-1.61146 38.76572),0-10,0.2-0.5,1-3,Easy
38.4744,-1.15634,303.09,1.36,1.16,2024-11-30,1023,T,50,6.1NRT,290.03,7.36,D,POINT (-1.15634 38.4744),0-10,0.2-0.5,1-3,Easy
38.47674,-1.16142,303.03,1.36,1.16,2024-11-30,1023,T,48,6.1NRT,290.65,7.65,D,POINT (-1.16142 38.47674),0-10,0.2-0.5,1-3,Easy
37.03578,30.94369,301.42,1.65,1.26,2024-11-30,1216,A,47,6.1NRT,288.52,8.17,D,POINT (30.94369 37.03578),0-10,0.2-0.5,1-3,Easy
37.03399,30.92585,301.56,1.65,1.26,2024-11-30,1216,A,48,6.1NRT,288.92,8.3,D,POINT (30.92585 37.03399),0-10,0.2-0.5,1-3,Easy
37.03655,30.93657,306.04,1.65,1.26,2024-11-30,1216,A,63,6.1NRT,288.68,14.56,D,POINT (30.93657 37.03655),0-10,0.2-0.5,1-3,Easy
37.54985,28.93067,301.85,1.29,1.13,2024-11-30,1216,A,45,6.1NRT,287.04,6.6,D,POINT (28.93067 37.54985),0-10,0.2-0.5,1-3,Easy
48.60295,21.17413,303.61,1.0,1.0,2024-11-30,1221,A,57,6.1NRT,279.66,8.96,D,POINT (21.17413 48.60295),0-10,0.2-0.5,1-3,Easy
63.90504,-22.33113,305.79,3.06,1.66,2024-11-30,1333,T,17,6.1NRT,274.18,60.22,D,POINT (-22.33113 63.90504),0-10,0.2-0.5,1-3,Easy
63.89322,-22.35141,371.88,3.06,1.66,2024-11-30,1333,T,100,6.1NRT,281.56,648.84,D,POINT (-22.35141 63.89322),30-50,2.0-3.5,15-25,Very Difficult
63.90462,-22.33587,321.14,3.06,1.66,2024-11-30,1333,T,100,6.1NRT,276.63,124.44,D,POINT (-22.33587 63.90462),10-20,0.5-1.0,3-7,Medium
63.89287,-22.35634,365.28,3.06,1.66,2024-11-30,1333,T,100,6.1NRT,280.34,544.37,D,POINT (-22.35634 63.89287),30-50,2.0-3.5,15-25,Very Difficult
37.27534,-3.78476,304.46,1.31,1.14,2024-11-30,1357,A,12,6.1NRT,291.45,6.38,D,POINT (-3.78476 37.27534),0-10,0.2-0.5,1-3,Easy
38.28384,-3.60009,306.56,1.24,1.1,2024-11-30,1357,A,64,6.1NRT,291.22,8.48,D,POINT (-3.60009 38.28384),0-10,0.2-0.5,1-3,Easy
38.28141,-3.61374,317.85,1.24,1.11,2024-11-30,1357,A,78,6.1NRT,291.62,20.21,D,POINT (-3.61374 38.28141),10-20,0.5-1.0,3-7,Medium
63.88758,-22.34921,320.54,1.47,1.2,2024-11-30,1403,A,91,6.1NRT,265.72,39.2,D,POINT (-22.34921 63.88758),10-20,0.5-1.0,3-7,Medium
63.89701,-22.36061,396.74,1.47,1.2,2024-11-30,1403,A,100,6.1NRT,285.5,420.05,D,POINT (-22.36061 63.89701),30-50,2.0-3.5,15-25,Very Difficult
63.89654,-22.33754,375.33,2.25,1.45,2024-11-30,1541,A,100,6.1NRT,286.07,458.21,N,POINT (-22.33754 63.89654),30-50,2.0-3.5,15-25,Very Difficult
63.89436,-22.38278,365.12,2.24,1.45,2024-11-30,1541,A,100,6.1NRT,287.96,344.17,N,POINT (-22.38278 63.89436),30-50,2.0-3.5,15-25,Very Difficult
63.89384,-22.34152,380.5,2.25,1.45,2024-11-30,1541,A,100,6.1NRT,285.22,524.74,N,POINT (-22.34152 63.89384),30-50,2.0-3.5,15-25,Very Difficult
63.89182,-22.38669,354.01,2.24,1.45,2024-11-30,1541,A,100,6.1NRT,285.67,247.76,N,POINT (-22.38669 63.89182),30-50,2.0-3.5,15-25,Very Difficult
48.28078,14.33641,301.76,1.1,1.04,2024-12-01,151,A,44,6.1NRT,273.27,11.54,N,POINT (14.33641 48.28078),0-10,0.2-0.5,1-3,Easy
63.9,-22.34331,349.77,4.71,1.99,2024-12-01,327,A,100,6.1NRT,274.81,639.25,N,POINT (-22.34331 63.9),20-30,1.0-2.0,7-15,Difficult
63.89909,-22.34685,348.0,4.71,1.99,2024-12-01,327,A,100,6.1NRT,274.52,602.13,N,POINT (-22.34685 63.89909),20-30,1.0-2.0,7-15,Difficult
63.90034,-22.24776,306.95,4.68,1.98,2024-12-01,327,A,50,6.1NRT,267.42,120.8,N,POINT (-22.24776 63.90034),0-10,0.2-0.5,1-3,Easy
63.91062,-22.34747,305.45,1.0,1.0,2024-12-01,505,A,4,6.1NRT,271.28,10.68,N,POINT (-22.34747 63.91062),0-10,0.2-0.5,1-3,Easy
63.90755,-22.32835,307.27,1.0,1.0,2024-12-01,505,A,24,6.1NRT,265.33,11.29,N,POINT (-22.32835 63.90755),0-10,0.2-0.5,1-3,Easy
63.90221,-22.35439,428.02,1.0,1.0,2024-12-01,505,A,100,6.1NRT,297.32,470.58,N,POINT (-22.35439 63.90221),50+,3.5+,25+,Critical
63.89913,-22.33528,423.36,1.0,1.0,2024-12-01,505,A,100,6.1NRT,307.28,427.34,N,POINT (-22.33528 63.89913),50+,3.5+,25+,Critical
63.89606,-22.31619,332.23,1.0,1.0,2024-12-01,505,A,26,6.1NRT,276.68,31.92,N,POINT (-22.31619 63.89606),20-30,1.0-2.0,7-15,Difficult
63.89904,-22.33373,353.87,4.08,1.87,2024-12-01,641,A,100,6.1NRT,270.11,0.0,N,POINT (-22.33373 63.89904),30-50,2.0-3.5,15-25,Very Difficult
63.89401,-22.34582,350.78,4.08,1.87,2024-12-01,641,A,100,6.1NRT,270.32,0.0,N,POINT (-22.34582 63.89401),30-50,2.0-3.5,15-25,Very Difficult
36.75018,6.25043,302.21,1.09,1.04,2024-12-01,926,T,42,6.1NRT,289.51,5.66,D,POINT (6.25043 36.75018),0-10,0.2-0.5,1-3,Easy
36.74867,6.2623,304.44,1.09,1.04,2024-12-01,926,T,56,6.1NRT,288.68,7.08,D,POINT (6.2623 36.74867),0-10,0.2-0.5,1-3,Easy
35.80512,-0.24112,322.65,2.46,1.51,2024-12-01,926,T,0,6.1NRT,288.45,74.42,D,POINT (-0.24112 35.80512),10-20,0.5-1.0,3-7,Medium
52.15442,10.39795,301.71,1.13,1.06,2024-12-01,921,T,49,6.1NRT,275.53,10.96,D,POINT (10.39795 52.15442),0-10,0.2-0.5,1-3,Easy
63.8991,-22.3912,350.43,3.11,1.67,2024-12-01,1057,T,100,6.1NRT,271.51,0.0,N,POINT (-22.3912 63.8991),30-50,2.0-3.5,15-25,Very Difficult
63.89816,-22.32626,365.24,3.09,1.67,2024-12-01,1057,T,100,6.1NRT,276.98,0.0,N,POINT (-22.32626 63.89816),30-50,2.0-3.5,15-25,Very Difficult
37.06736,34.9516,301.37,1.43,1.18,2024-12-01,1119,A,46,6.1NRT,289.29,7.77,D,POINT (34.9516 37.06736),0-10,0.2-0.5,1-3,Easy
63.89951,-22.3569,422.36,1.18,1.08,2024-12-01,1238,T,100,6.1NRT,297.5,531.56,D,POINT (-22.3569 63.89951),50+,3.5+,25+,Critical
63.89524,-22.33506,387.8,1.18,1.08,2024-12-01,1238,T,100,6.1NRT,286.39,240.18,D,POINT (-22.33506 63.89524),30-50,2.0-3.5,15-25,Very Difficult
39.82393,8.62491,302.13,1.54,1.22,2024-12-01,1259,A,51,6.1NRT,288.18,10.52,D,POINT (8.62491 39.82393),0-10,0.2-0.5,1-3,Easy
44.881,8.577,303.35,1.22,1.1,2024-12-01,1259,A,53,6.1NRT,281.96,10.92,D,POINT (8.577 44.881),0-10,0.2-0.5,1-3,Easy
52.15658,10.40818,304.09,1.01,1.0,2024-12-01,1301,A,58,6.1NRT,277.72,10.11,D,POINT (10.40818 52.15658),0-10,0.2-0.5,1-3,Easy
52.15458,10.39395,303.3,1.01,1.0,2024-12-01,1301,A,55,6.1NRT,278.3,9.58,D,POINT (10.39395 52.15458),0-10,0.2-0.5,1-3,Easy
63.88895,-22.36561,360.99,3.87,1.83,2024-12-01,1308,A,100,6.1NRT,275.91,0.0,D,POINT (-22.36561 63.88895),30-50,2.0-3.5,15-25,Very Difficult
63.88137,-22.3604,333.98,3.87,1.83,2024-12-01,1308,A,100,6.1NRT,272.9,0.0,D,POINT (-22.3604 63.88137),20-30,1.0-2.0,7-15,Difficult
63.89352,-22.38524,339.35,3.87,1.83,2024-12-01,1308,A,100,6.1NRT,266.67,0.0,D,POINT (-22.38524 63.89352),20-30,1.0-2.0,7-15,Difficult
35.80185,-0.23533,303.46,2.65,1.56,2024-12-01,1435,A,40,6.1NRT,289.89,14.52,D,POINT (-0.23533 35.80185),0-10,0.2-0.5,1-3,Easy
63.89634,-22.34102,419.35,1.0,1.0,2024-12-01,1444,A,100,6.1NRT,302.69,390.95,D,POINT (-22.34102 63.89634),50+,3.5+,25+,Critical
63.89343,-22.36019,436.69,1.0,1.0,2024-12-01,1444,A,100,6.1NRT,310.62,555.33,D,POINT (-22.36019 63.89343),50+,3.5+,25+,Critical
63.90187,-22.36684,344.56,1.0,1.0,2024-12-01,1444,A,100,6.1NRT,284.18,53.47,D,POINT (-22.36684 63.90187),20-30,1.0-2.0,7-15,Difficult
35.79976,-0.25334,314.32,3.78,1.82,2024-12-01,2029,T,89,6.1NRT,284.79,106.37,N,POINT (-0.25334 35.79976),10-20,0.5-1.0,3-7,Medium
52.15723,10.41155,302.98,1.25,1.11,2024-12-01,2031,T,52,6.1NRT,273.05,14.48,N,POINT (10.41155 52.15723),0-10,0.2-0.5,1-3,Easy
52.15545,10.39353,304.92,1.25,1.11,2024-12-01,2031,T,62,6.1NRT,273.86,15.97,N,POINT (10.39353 52.15545),0-10,0.2-0.5,1-3,Easy
63.90335,-22.32383,355.78,3.08,1.67,2024-12-01,2038,T,100,6.1NRT,272.89,0.0,N,POINT (-22.32383 63.90335),30-50,2.0-3.5,15-25,Very Difficult
63.88699,-22.37351,357.27,3.09,1.67,2024-12-01,2038,T,100,6.1NRT,276.74,0.0,N,POINT (-22.37351 63.88699),30-50,2.0-3.5,15-25,Very Difficult
63.90283,-22.33041,359.39,3.08,1.67,2024-12-01,2038,T,100,6.1NRT,274.7,0.0,N,POINT (-22.33041 63.90283),30-50,2.0-3.5,15-25,Very Difficult
63.88636,-22.37965,348.59,3.09,1.67,2024-12-01,2038,T,100,6.1NRT,274.85,0.0,N,POINT (-22.37965 63.88636),20-30,1.0-2.0,7-15,Difficult
63.89709,-22.32325,326.17,1.08,1.04,2024-12-01,2214,T,79,6.1NRT,275.65,29.67,N,POINT (-22.32325 63.89709),10-20,0.5-1.0,3-7,Medium
63.8946,-22.34441,404.56,1.08,1.04,2024-12-01,2214,T,100,6.1NRT,308.52,315.85,N,POINT (-22.34441 63.8946),50+,3.5+,25+,Critical
63.8921,-22.36563,353.47,1.08,1.04,2024-12-01,2214,T,100,6.1NRT,290.3,80.46,N,POINT (-22.36563 63.8921),30-50,2.0-3.5,15-25,Very Difficult
63.90302,-22.33345,327.42,1.08,1.04,2024-12-01,2214,T,97,6.1NRT,277.21,0.0,N,POINT (-22.33345 63.90302),10-20,0.5-1.0,3-7,Medium
63.90057,-22.35465,437.26,1.08,1.04,2024-12-01,2214,T,100,6.1NRT,308.93,0.0,N,POINT (-22.35465 63.90057),50+,3.5+,25+,Critical
63.89811,-22.37582,331.51,1.08,1.04,2024-12-01,2214,T,100,6.1NRT,276.82,0.0,N,POINT (-22.37582 63.89811),20-30,1.0-2.0,7-15,Difficult
35.80969,-0.2406,301.59,1.19,1.09,2024-12-02,236,A,43,6.1NRT,276.9,10.68,N,POINT (-0.2406 35.80969),0-10,0.2-0.5,1-3,Easy
63.90749,-22.34512,389.36,2.09,1.41,2024-12-02,406,A,100,6.1NRT,274.17,0.0,N,POINT (-22.34512 63.90749),30-50,2.0-3.5,15-25,Very Difficult
63.90515,-22.35008,387.14,2.09,1.41,2024-12-02,406,A,100,6.1NRT,275.17,0.0,N,POINT (-22.35008 63.90515),30-50,2.0-3.5,15-25,Very Difficult
63.89569,-22.32874,367.72,1.56,1.23,2024-12-02,544,A,100,6.1NRT,269.76,0.0,N,POINT (-22.32874 63.89569),30-50,2.0-3.5,15-25,Very Difficult
63.89528,-22.33736,365.31,1.56,1.23,2024-12-02,544,A,100,6.1NRT,273.33,0.0,N,POINT (-22.33736 63.89528),30-50,2.0-3.5,15-25,Very Difficult
39.68569,-0.25661,301.98,1.0,1.0,2024-12-02,1004,T,50,6.1NRT,286.42,5.63,D,POINT (-0.25661 39.68569),0-10,0.2-0.5,1-3,Easy
38.80851,-2.29698,302.63,1.03,1.01,2024-12-02,1006,T,53,6.1NRT,284.07,6.86,D,POINT (-2.29698 38.80851),0-10,0.2-0.5,1-3,Easy
37.22503,-1.92213,300.88,1.0,1.0,2024-12-02,1006,T,42,6.1NRT,289.34,3.35,D,POINT (-1.92213 37.22503),0-10,0.2-0.5,1-3,Easy
37.36847,32.79356,306.08,1.17,1.08,2024-12-02,1159,A,63,6.1NRT,283.19,11.19,D,POINT (32.79356 37.36847),0-10,0.2-0.5,1-3,Easy
34.36309,7.28573,307.17,1.03,1.02,2024-12-02,1337,A,61,6.1NRT,293.69,5.31,D,POINT (7.28573 34.36309),0-10,0.2-0.5,1-3,Easy
35.8067,-0.24127,330.4,1.65,1.26,2024-12-02,1337,A,65,6.1NRT,290.24,56.82,D,POINT (-0.24127 35.8067),20-30,1.0-2.0,7-15,Difficult
35.80333,-0.2585,303.43,1.65,1.26,2024-12-02,1337,A,43,6.1NRT,291.07,6.83,D,POINT (-0.2585 35.80333),0-10,0.2-0.5,1-3,Easy
38.47649,-1.15271,304.69,1.62,1.25,2024-12-02,1340,A,60,6.1NRT,290.4,11.52,D,POINT (-1.15271 38.47649),0-10,0.2-0.5,1-3,Easy
38.47289,-1.17056,301.12,1.62,1.25,2024-12-02,1340,A,45,6.1NRT,290.5,7.14,D,POINT (-1.17056 38.47289),0-10,0.2-0.5,1-3,Easy
40.61781,0.35277,304.82,1.23,1.1,2024-12-02,1340,A,60,6.1NRT,289.11,8.53,D,POINT (0.35277 40.61781),0-10,0.2-0.5,1-3,Easy
42.20419,8.93009,304.47,1.47,1.2,2024-12-02,1340,A,59,6.1NRT,283.25,15.0,D,POINT (8.93009 42.20419),0-10,0.2-0.5,1-3,Easy
