LATITUDE,LONGITUDE,BRIGHTNESS,SCAN,TRACK,ACQ_DATE,ACQ_TIME,SATELLITE,CONFIDENCE,VERSION,BRIGHT_T31,FRP,DAYNIGHT,geometry,Wind Speed (km/h),Fire Spread Speed (km/h),Affected Area (kmÂ²),Suppression Difficulty,Suppression_Difficulty_Encoded,Critical_Risk_Probability
52.84502,29.99889,303.84,1.0,1.0,2024-11-25,109.0,A,57.0,6.1NRT,265.6,11.96,N,POINT (29.99889 52.84502),5.0,0.35,2.0,Easy,2.0,0.0
63.91245,-22.33414,323.5,1.49,1.21,2024-11-25,423.0,A,100.0,6.1NRT,277.22,47.13,N,POINT (-22.33414 63.91245),15.0,0.75,5.0,Medium,3.0,0.0
63.90989,-22.30375,335.74,1.49,1.2,2024-11-25,423.0,A,100.0,6.1NRT,279.3,74.51,N,POINT (-22.30375 63.90989),25.0,1.5,11.0,Difficult,1.0,0.0
63.90436,-22.36842,376.95,1.49,1.21,2024-11-25,423.0,A,100.0,6.1NRT,287.23,259.05,N,POINT (-22.36842 63.90436),40.0,2.75,20.0,Very Difficult,4.0,0.0
63.90185,-22.33853,442.95,1.49,1.21,2024-11-25,423.0,A,100.0,6.1NRT,320.85,1126.95,N,POINT (-22.33853 63.90185),50.0,3.5,25.0,Critical,0.0,100.0
63.89926,-22.3077,342.66,1.49,1.2,2024-11-25,423.0,A,100.0,6.1NRT,287.06,92.5,N,POINT (-22.3077 63.89926),25.0,1.5,11.0,Difficult,1.0,0.0
63.89624,-22.40271,342.62,1.5,1.21,2024-11-25,423.0,A,74.0,6.1NRT,291.64,90.99,N,POINT (-22.40271 63.89624),25.0,1.5,11.0,Difficult,1.0,0.0
63.89373,-22.37256,337.92,1.49,1.21,2024-11-25,423.0,A,16.0,6.1NRT,296.04,76.17,N,POINT (-22.37256 63.89373),25.0,1.5,11.0,Difficult,1.0,0.0
63.88812,-22.43746,315.6,1.5,1.21,2024-11-25,423.0,A,45.0,6.1NRT,276.51,32.02,N,POINT (-22.43746 63.88812),15.0,0.75,5.0,Medium,3.0,0.0
63.90989,-22.33125,323.62,2.09,1.41,2024-11-25,601.0,A,100.0,6.1NRT,280.83,78.98,N,POINT (-22.33125 63.90989),15.0,0.75,5.0,Medium,3.0,0.0
63.90051,-22.29833,327.88,2.09,1.41,2024-11-25,601.0,A,100.0,6.1NRT,278.48,92.73,N,POINT (-22.29833 63.90051),15.0,0.75,5.0,Medium,3.0,0.0
63.89939,-22.3468,408.45,2.09,1.41,2024-11-25,601.0,A,100.0,6.1NRT,301.79,916.79,N,POINT (-22.3468 63.89939),50.0,3.5,25.0,Critical,0.0,100.0
63.88971,-22.31291,348.29,2.09,1.41,2024-11-25,601.0,A,100.0,6.1NRT,279.88,187.49,N,POINT (-22.31291 63.88971),25.0,1.5,11.0,Difficult,1.0,0.0
63.89891,-22.3974,318.53,2.08,1.4,2024-11-25,601.0,A,43.0,6.1NRT,283.24,60.41,N,POINT (-22.3974 63.89891),15.0,0.75,5.0,Medium,3.0,0.0
63.88891,-22.36245,320.05,2.09,1.41,2024-11-25,601.0,A,48.0,6.1NRT,288.73,64.64,N,POINT (-22.36245 63.88891),15.0,0.75,5.0,Medium,3.0,0.0
63.90969,-22.33999,326.58,2.09,1.41,2024-11-25,601.0,A,100.0,6.1NRT,283.22,87.52,N,POINT (-22.33999 63.90969),15.0,0.75,5.0,Medium,3.0,0.0
63.90019,-22.30616,331.3,2.09,1.41,2024-11-25,601.0,A,100.0,6.1NRT,285.44,105.05,N,POINT (-22.30616 63.90019),25.0,1.5,11.0,Difficult,1.0,0.0
63.89919,-22.35558,397.48,2.09,1.41,2024-11-25,601.0,A,100.0,6.1NRT,294.39,712.12,N,POINT (-22.35558 63.89919),40.0,2.75,20.0,Very Difficult,4.0,2.0
63.88947,-22.32101,367.64,2.09,1.41,2024-11-25,601.0,A,100.0,6.1NRT,286.28,334.0,N,POINT (-22.32101 63.88947),40.0,2.75,20.0,Very Difficult,4.0,0.0
63.89859,-22.40632,314.24,2.08,1.4,2024-11-25,601.0,A,21.0,6.1NRT,278.68,48.94,N,POINT (-22.40632 63.89859),15.0,0.75,5.0,Medium,3.0,0.0
63.88873,-22.37128,320.15,2.09,1.41,2024-11-25,601.0,A,33.0,6.1NRT,288.81,64.11,N,POINT (-22.37128 63.88873),15.0,0.75,5.0,Medium,3.0,0.0
63.88801,-22.42154,313.24,2.08,1.4,2024-11-25,601.0,A,53.0,6.1NRT,280.26,49.23,N,POINT (-22.42154 63.88801),15.0,0.75,5.0,Medium,3.0,0.0
48.276,14.33959,300.4,2.04,1.39,2024-11-25,839.0,T,31.0,6.1NRT,276.17,21.91,D,POINT (14.33959 48.276),5.0,0.35,2.0,Easy,2.0,0.0
40.60734,17.83648,300.79,1.11,1.05,2024-11-25,841.0,T,42.0,6.1NRT,285.38,6.24,D,POINT (17.83648 40.60734),5.0,0.35,2.0,Easy,2.0,0.0
36.81694,22.86523,302.32,1.23,1.1,2024-11-25,843.0,T,52.0,6.1NRT,285.69,8.68,D,POINT (22.86523 36.81694),5.0,0.35,2.0,Easy,2.0,0.0
51.69119,15.97863,303.9,1.84,1.33,2024-11-25,839.0,T,57.0,6.1NRT,276.03,22.17,D,POINT (15.97863 51.69119),5.0,0.35,2.0,Easy,2.0,0.0
37.94376,21.28894,306.66,1.28,1.12,2024-11-25,1216.0,A,64.0,6.1NRT,288.18,11.42,D,POINT (21.28894 37.94376),5.0,0.35,2.0,Easy,2.0,0.0
39.1907,25.95249,302.46,1.02,1.01,2024-11-25,1216.0,A,52.0,6.1NRT,285.99,6.28,D,POINT (25.95249 39.1907),5.0,0.35,2.0,Easy,2.0,0.0
39.32412,22.77873,301.28,1.07,1.03,2024-11-25,1216.0,A,46.0,6.1NRT,287.7,5.32,D,POINT (22.77873 39.32412),5.0,0.35,2.0,Easy,2.0,0.0
40.95378,25.34325,301.92,1.02,1.01,2024-11-25,1216.0,A,30.0,6.1NRT,280.8,6.59,D,POINT (25.34325 40.95378),5.0,0.35,2.0,Easy,2.0,0.0
42.59746,25.83466,301.27,1.07,1.03,2024-11-25,1216.0,A,46.0,6.1NRT,282.86,7.71,D,POINT (25.83466 42.59746),5.0,0.35,2.0,Easy,2.0,0.0
50.32933,19.29173,305.79,1.03,1.01,2024-11-25,1218.0,A,62.0,6.1NRT,278.57,10.08,D,POINT (19.29173 50.32933),5.0,0.35,2.0,Easy,2.0,0.0
52.14548,27.47298,307.8,1.62,1.25,2024-11-25,1218.0,A,66.0,6.1NRT,276.85,23.55,D,POINT (27.47298 52.14548),5.0,0.35,2.0,Easy,2.0,0.0
52.14506,27.46771,301.01,1.62,1.25,2024-11-25,1218.0,A,44.0,6.1NRT,276.67,16.81,D,POINT (27.46771 52.14506),5.0,0.35,2.0,Easy,2.0,0.0
63.90578,-22.33064,347.92,1.12,1.06,2024-11-25,1153.0,T,96.0,6.1NRT,289.79,71.72,D,POINT (-22.33064 63.90578),25.0,1.5,11.0,Difficult,1.0,0.0
63.90326,-22.30823,343.15,1.12,1.05,2024-11-25,1153.0,T,100.0,6.1NRT,280.88,61.69,D,POINT (-22.30823 63.90326),25.0,1.5,11.0,Difficult,1.0,0.0
63.8991,-22.35785,450.76,1.12,1.06,2024-11-25,1153.0,T,100.0,6.1NRT,323.11,855.47,D,POINT (-22.35785 63.8991),50.0,3.5,25.0,Critical,0.0,100.0
63.89663,-22.3358,416.55,1.12,1.06,2024-11-25,1153.0,T,100.0,6.1NRT,311.21,436.71,D,POINT (-22.3358 63.89663),50.0,3.5,25.0,Critical,0.0,100.0
63.8949,-22.40735,335.34,1.12,1.06,2024-11-25,1153.0,T,32.0,6.1NRT,294.46,44.91,D,POINT (-22.40735 63.8949),25.0,1.5,11.0,Difficult,1.0,0.0
63.89241,-22.38508,334.93,1.12,1.06,2024-11-25,1153.0,T,0.0,6.1NRT,296.5,43.26,D,POINT (-22.38508 63.89241),25.0,1.5,11.0,Difficult,1.0,0.0
63.88993,-22.36293,328.17,1.12,1.06,2024-11-25,1153.0,T,0.0,6.1NRT,294.94,32.46,D,POINT (-22.36293 63.88993),15.0,0.75,5.0,Medium,3.0,0.0
63.89067,-22.45705,324.46,1.13,1.06,2024-11-25,1153.0,T,100.0,6.1NRT,284.3,32.38,D,POINT (-22.45705 63.89067),15.0,0.75,5.0,Medium,3.0,0.0
63.8882,-22.43481,328.73,1.13,1.06,2024-11-25,1153.0,T,97.0,6.1NRT,286.74,37.3,D,POINT (-22.43481 63.8882),15.0,0.75,5.0,Medium,3.0,0.0
63.88077,-22.36816,320.05,1.12,1.06,2024-11-25,1153.0,T,0.0,6.1NRT,289.85,23.56,D,POINT (-22.36816 63.88077),15.0,0.75,5.0,Medium,3.0,0.0
63.88149,-22.46224,317.14,1.13,1.06,2024-11-25,1153.0,T,93.0,6.1NRT,279.26,24.42,D,POINT (-22.46224 63.88149),15.0,0.75,5.0,Medium,3.0,0.0
36.74332,6.25651,319.72,1.53,1.22,2024-11-25,1354.0,A,80.0,6.1NRT,295.18,30.5,D,POINT (6.25651 36.74332),15.0,0.75,5.0,Medium,3.0,0.0
36.74152,6.2394,304.75,1.53,1.22,2024-11-25,1354.0,A,56.0,6.1NRT,294.27,9.17,D,POINT (6.2394 36.74152),5.0,0.35,2.0,Easy,2.0,0.0
36.73634,6.25063,316.82,1.53,1.22,2024-11-25,1354.0,A,77.0,6.1NRT,295.36,25.56,D,POINT (6.25063 36.73634),15.0,0.75,5.0,Medium,3.0,0.0
38.23835,-1.52434,321.09,1.07,1.03,2024-11-25,1354.0,A,81.0,6.1NRT,293.34,18.93,D,POINT (-1.52434 38.23835),15.0,0.75,5.0,Medium,3.0,0.0
38.2364,-1.53616,306.27,1.07,1.03,2024-11-25,1354.0,A,62.0,6.1NRT,292.69,5.92,D,POINT (-1.53616 38.2364),5.0,0.35,2.0,Easy,2.0,0.0
63.90698,-22.31823,312.21,2.9,1.62,2024-11-25,1329.0,T,53.0,6.1NRT,274.51,75.84,D,POINT (-22.31823 63.90698),15.0,0.75,5.0,Medium,3.0,0.0
63.91006,-22.38334,341.18,2.88,1.62,2024-11-25,1329.0,T,90.0,6.1NRT,277.57,228.84,D,POINT (-22.38334 63.91006),25.0,1.5,11.0,Difficult,1.0,0.0
63.89524,-22.33748,382.66,2.9,1.62,2024-11-25,1329.0,T,100.0,6.1NRT,290.5,790.23,D,POINT (-22.33748 63.89524),40.0,2.75,20.0,Very Difficult,4.0,0.0
63.89759,-22.3272,378.59,1.51,1.21,2024-11-25,1401.0,A,100.0,6.1NRT,294.21,278.09,D,POINT (-22.3272 63.89759),40.0,2.75,20.0,Very Difficult,4.0,0.0
63.89121,-22.35399,437.82,1.51,1.21,2024-11-25,1401.0,A,100.0,6.1NRT,321.17,1046.15,D,POINT (-22.35399 63.89121),50.0,3.5,25.0,Critical,0.0,100.0
63.8848,-22.3809,325.46,1.52,1.22,2024-11-25,1401.0,A,0.0,6.1NRT,294.76,48.54,D,POINT (-22.3809 63.8848),15.0,0.75,5.0,Medium,3.0,0.0
63.89428,-22.3929,316.94,1.52,1.22,2024-11-25,1401.0,A,26.0,6.1NRT,285.08,33.65,D,POINT (-22.3929 63.89428),15.0,0.75,5.0,Medium,3.0,0.0
63.88126,-22.44756,316.52,1.53,1.22,2024-11-25,1401.0,A,89.0,6.1NRT,286.68,36.01,D,POINT (-22.44756 63.88126),15.0,0.75,5.0,Medium,3.0,0.0
63.88799,-22.34324,401.75,2.17,1.43,2024-11-25,1539.0,A,100.0,6.1NRT,295.31,829.67,D,POINT (-22.34324 63.88799),50.0,3.5,25.0,Critical,0.0,100.0
63.88585,-22.38668,371.22,2.16,1.43,2024-11-25,1539.0,A,100.0,6.1NRT,298.46,379.52,D,POINT (-22.38668 63.88585),40.0,2.75,20.0,Very Difficult,4.0,0.0
63.88373,-22.42927,312.31,2.15,1.43,2024-11-25,1539.0,A,20.0,6.1NRT,284.47,46.68,D,POINT (-22.42927 63.88373),15.0,0.75,5.0,Medium,3.0,0.0
63.88159,-22.47219,305.42,2.15,1.42,2024-11-25,1539.0,A,10.0,6.1NRT,277.45,32.68,D,POINT (-22.47219 63.88159),5.0,0.35,2.0,Easy,2.0,0.0
63.90069,-22.34609,337.63,2.17,1.43,2024-11-25,1539.0,A,100.0,6.1NRT,282.74,135.74,D,POINT (-22.34609 63.90069),25.0,1.5,11.0,Difficult,1.0,0.0
48.27538,14.3365,306.31,1.17,1.08,2024-11-25,1949.0,T,68.0,6.1NRT,276.0,15.16,N,POINT (14.3365 48.27538),5.0,0.35,2.0,Easy,2.0,0.0
35.81195,-0.2595,301.69,1.1,1.05,2024-11-25,2125.0,T,43.0,6.1NRT,288.5,6.32,N,POINT (-0.2595 35.81195),5.0,0.35,2.0,Easy,2.0,0.0
35.8105,-0.27148,302.12,1.1,1.04,2024-11-25,2125.0,T,47.0,6.1NRT,288.05,6.68,N,POINT (-0.27148 35.8105),5.0,0.35,2.0,Easy,2.0,0.0
63.89973,-22.33033,373.42,1.24,1.11,2024-11-25,2131.0,T,100.0,6.1NRT,280.74,179.44,N,POINT (-22.33033 63.89973),40.0,2.75,20.0,Very Difficult,4.0,0.0
63.89515,-22.35309,437.82,1.24,1.11,2024-11-25,2131.0,T,100.0,6.1NRT,321.09,780.06,N,POINT (-22.35309 63.89515),50.0,3.5,25.0,Critical,0.0,100.0
63.89055,-22.37591,330.51,1.24,1.11,2024-11-25,2131.0,T,0.0,6.1NRT,298.11,43.47,N,POINT (-22.37591 63.89055),25.0,1.5,11.0,Difficult,1.0,0.0
63.90411,-22.36265,341.97,1.24,1.11,2024-11-25,2131.0,T,86.0,6.1NRT,290.74,67.12,N,POINT (-22.36265 63.90411),25.0,1.5,11.0,Difficult,1.0,0.0
63.89487,-22.40859,322.81,1.24,1.11,2024-11-25,2131.0,T,0.0,6.1NRT,290.31,31.68,N,POINT (-22.40859 63.89487),15.0,0.75,5.0,Medium,3.0,0.0
63.8936,-22.31164,327.97,2.86,1.61,2024-11-25,2309.0,T,0.0,6.1NRT,275.94,128.11,N,POINT (-22.31164 63.8936),15.0,0.75,5.0,Medium,3.0,0.0
63.89234,-22.36721,371.78,2.84,1.61,2024-11-25,2309.0,T,100.0,6.1NRT,294.83,574.52,N,POINT (-22.36721 63.89234),40.0,2.75,20.0,Very Difficult,4.0,0.0
63.89553,-22.31599,354.37,2.86,1.61,2024-11-25,2309.0,T,100.0,6.1NRT,280.35,346.56,N,POINT (-22.31599 63.89553),40.0,2.75,20.0,Very Difficult,4.0,0.0
63.89443,-22.3721,378.34,2.84,1.61,2024-11-25,2309.0,T,100.0,6.1NRT,295.39,691.01,N,POINT (-22.3721 63.89443),40.0,2.75,20.0,Very Difficult,4.0,0.0
63.90886,-22.37298,308.86,2.84,1.61,2024-11-25,2309.0,T,49.0,6.1NRT,278.01,62.53,N,POINT (-22.37298 63.90886),5.0,0.35,2.0,Easy,2.0,0.0
63.89885,-22.3457,317.17,3.97,1.85,2024-11-26,639.0,A,93.0,6.1NRT,267.57,152.42,N,POINT (-22.3457 63.89885),15.0,0.75,5.0,Medium,3.0,0.0
63.90516,-22.33328,319.23,3.97,1.85,2024-11-26,639.0,A,98.0,6.1NRT,269.95,168.11,N,POINT (-22.33328 63.90516),15.0,0.75,5.0,Medium,3.0,0.0
36.79613,7.68127,302.44,1.05,1.02,2024-11-26,924.0,T,29.0,6.1NRT,291.68,3.66,D,POINT (7.68127 36.79613),5.0,0.35,2.0,Easy,2.0,0.0
36.78716,7.67944,304.13,1.05,1.02,2024-11-26,924.0,T,51.0,6.1NRT,291.91,4.33,D,POINT (7.67944 36.78716),5.0,0.35,2.0,Easy,2.0,0.0
36.74265,6.25571,305.8,1.17,1.08,2024-11-26,924.0,T,62.0,6.1NRT,288.57,9.12,D,POINT (6.25571 36.74265),5.0,0.35,2.0,Easy,2.0,0.0
36.37653,5.96604,305.48,1.19,1.09,2024-11-26,924.0,T,61.0,6.1NRT,289.05,8.77,D,POINT (5.96604 36.37653),5.0,0.35,2.0,Easy,2.0,0.0
35.07295,6.47509,300.31,1.1,1.05,2024-11-26,924.0,T,34.0,6.1NRT,286.61,5.03,D,POINT (6.47509 35.07295),5.0,0.35,2.0,Easy,2.0,0.0
52.3127,27.47248,303.23,1.53,1.22,2024-11-26,1121.0,A,55.0,6.1NRT,276.59,17.58,D,POINT (27.47248 52.3127),5.0,0.35,2.0,Easy,2.0,0.0
39.23878,26.01662,300.11,3.43,1.74,2024-11-26,1255.0,A,28.0,6.1NRT,280.46,41.35,D,POINT (26.01662 39.23878),5.0,0.35,2.0,Easy,2.0,0.0
39.23606,26.00809,303.74,3.43,1.74,2024-11-26,1255.0,A,57.0,6.1NRT,280.52,52.61,D,POINT (26.00809 39.23606),5.0,0.35,2.0,Easy,2.0,0.0
40.49252,22.59972,303.68,2.16,1.43,2024-11-26,1257.0,A,43.0,6.1NRT,285.24,18.81,D,POINT (22.59972 40.49252),5.0,0.35,2.0,Easy,2.0,0.0
41.07643,23.33186,302.09,2.44,1.51,2024-11-26,1257.0,A,14.0,6.1NRT,284.49,18.31,D,POINT (23.33186 41.07643),5.0,0.35,2.0,Easy,2.0,0.0
41.10173,23.34954,302.94,2.45,1.51,2024-11-26,1257.0,A,42.0,6.1NRT,284.84,19.78,D,POINT (23.34954 41.10173),5.0,0.35,2.0,Easy,2.0,0.0
41.09978,23.32102,301.65,2.44,1.51,2024-11-26,1257.0,A,25.0,6.1NRT,285.66,17.49,D,POINT (23.32102 41.09978),5.0,0.35,2.0,Easy,2.0,0.0
63.90296,-22.31918,311.86,1.13,1.06,2024-11-26,1231.0,T,46.0,6.1NRT,270.04,18.33,D,POINT (-22.31918 63.90296),15.0,0.75,5.0,Medium,3.0,0.0
63.89823,-22.34874,367.39,1.13,1.06,2024-11-26,1231.0,T,100.0,6.1NRT,275.64,134.78,D,POINT (-22.34874 63.89823),40.0,2.75,20.0,Very Difficult,4.0,0.0
63.89424,-22.32764,346.02,1.13,1.06,2024-11-26,1231.0,T,100.0,6.1NRT,272.74,70.45,D,POINT (-22.32764 63.89424),25.0,1.5,11.0,Difficult,1.0,0.0
63.89037,-22.30721,305.06,1.14,1.06,2024-11-26,1231.0,T,13.0,6.1NRT,268.85,12.97,D,POINT (-22.30721 63.89037),5.0,0.35,2.0,Easy,2.0,0.0
63.88952,-22.35722,310.69,1.13,1.06,2024-11-26,1231.0,T,24.0,6.1NRT,269.14,16.48,D,POINT (-22.35722 63.88952),15.0,0.75,5.0,Medium,3.0,0.0
63.88552,-22.33613,312.6,1.13,1.06,2024-11-26,1231.0,T,42.0,6.1NRT,270.27,18.03,D,POINT (-22.33613 63.88552),15.0,0.75,5.0,Medium,3.0,0.0
37.5868,-7.07239,301.36,1.09,1.04,2024-11-26,1433.0,A,46.0,6.1NRT,281.86,6.65,D,POINT (-7.07239 37.5868),5.0,0.35,2.0,Easy,2.0,0.0
40.81174,-8.417,300.18,1.06,1.03,2024-11-26,1435.0,A,31.0,6.1NRT,286.6,5.34,D,POINT (-8.417 40.81174),5.0,0.35,2.0,Easy,2.0,0.0
63.89421,-22.3149,311.32,1.0,1.0,2024-11-26,1441.0,A,24.0,6.1NRT,281.46,14.3,D,POINT (-22.3149 63.89421),15.0,0.75,5.0,Medium,3.0,0.0
63.89125,-22.33404,421.0,1.0,1.0,2024-11-26,1441.0,A,100.0,6.1NRT,315.26,407.18,D,POINT (-22.33404 63.89125),50.0,3.5,25.0,Critical,0.0,100.0
63.88828,-22.35316,447.86,1.0,1.0,2024-11-26,1441.0,A,100.0,6.1NRT,337.68,686.68,D,POINT (-22.35316 63.88828),50.0,3.5,25.0,Critical,0.0,100.0
63.88531,-22.37227,320.79,1.0,1.0,2024-11-26,1441.0,A,0.0,6.1NRT,303.23,20.5,D,POINT (-22.37227 63.88531),15.0,0.75,5.0,Medium,3.0,0.0
63.89967,-22.34081,333.23,1.0,1.0,2024-11-26,1441.0,A,100.0,6.1NRT,275.73,36.45,D,POINT (-22.34081 63.89967),25.0,1.5,11.0,Difficult,1.0,0.0
63.8967,-22.35994,355.39,1.0,1.0,2024-11-26,1441.0,A,100.0,6.1NRT,298.87,76.17,D,POINT (-22.35994 63.8967),40.0,2.75,20.0,Very Difficult,4.0,0.0
63.89075,-22.3982,322.13,1.0,1.0,2024-11-26,1441.0,A,32.0,6.1NRT,295.77,22.03,D,POINT (-22.3982 63.89075),15.0,0.75,5.0,Medium,3.0,0.0
63.8848,-22.43645,306.61,1.0,1.0,2024-11-26,1441.0,A,35.0,6.1NRT,284.93,10.91,D,POINT (-22.43645 63.8848),5.0,0.35,2.0,Easy,2.0,0.0
63.88182,-22.45558,308.91,1.0,1.0,2024-11-26,1441.0,A,64.0,6.1NRT,285.13,12.82,D,POINT (-22.45558 63.88182),5.0,0.35,2.0,Easy,2.0,0.0
63.90511,-22.36673,314.01,1.0,1.0,2024-11-26,1441.0,A,57.0,6.1NRT,289.2,15.46,D,POINT (-22.36673 63.90511),15.0,0.75,5.0,Medium,3.0,0.0
50.85175,24.76101,307.12,1.52,1.22,2024-11-26,1849.0,T,70.0,6.1NRT,272.5,23.29,N,POINT (24.76101 50.85175),5.0,0.35,2.0,Easy,2.0,0.0
51.16601,3.81588,301.2,1.1,1.04,2024-11-26,2029.0,T,39.0,6.1NRT,276.92,9.55,N,POINT (3.81588 51.16601),5.0,0.35,2.0,Easy,2.0,0.0
51.17161,3.80701,317.47,1.1,1.04,2024-11-26,2029.0,T,95.0,6.1NRT,277.64,23.32,N,POINT (3.80701 51.17161),15.0,0.75,5.0,Medium,3.0,0.0
63.90373,-22.33874,314.73,3.25,1.7,2024-11-26,2033.0,T,86.0,6.1NRT,269.89,101.09,N,POINT (-22.33874 63.90373),15.0,0.75,5.0,Medium,3.0,0.0
63.88601,-22.3904,325.23,3.26,1.71,2024-11-26,2033.0,T,100.0,6.1NRT,276.53,156.98,N,POINT (-22.3904 63.88601),15.0,0.75,5.0,Medium,3.0,0.0
63.897,-22.33357,424.37,1.05,1.02,2024-11-26,2212.0,T,100.0,6.1NRT,311.67,465.49,N,POINT (-22.33357 63.897),50.0,3.5,25.0,Critical,0.0,100.0
63.89447,-22.35413,459.89,1.05,1.02,2024-11-26,2212.0,T,100.0,6.1NRT,329.56,907.33,N,POINT (-22.35413 63.89447),50.0,3.5,25.0,Critical,0.0,100.0
63.89194,-22.37468,330.74,1.05,1.02,2024-11-26,2212.0,T,0.0,6.1NRT,293.43,32.31,N,POINT (-22.37468 63.89194),25.0,1.5,11.0,Difficult,1.0,0.0
63.90581,-22.33922,349.19,1.05,1.02,2024-11-26,2212.0,T,100.0,6.1NRT,283.16,67.41,N,POINT (-22.33922 63.90581),25.0,1.5,11.0,Difficult,1.0,0.0
63.90329,-22.35971,400.08,1.05,1.02,2024-11-26,2212.0,T,100.0,6.1NRT,297.63,272.4,N,POINT (-22.35971 63.90329),50.0,3.5,25.0,Critical,0.0,99.0
49.24829,6.85489,302.44,1.02,1.01,2024-11-27,230.0,A,49.0,6.1NRT,275.31,9.9,N,POINT (6.85489 49.24829),5.0,0.35,2.0,Easy,2.0,0.0
36.74801,6.26462,303.54,1.13,1.06,2024-11-27,234.0,A,56.0,6.1NRT,283.19,10.09,N,POINT (6.26462 36.74801),5.0,0.35,2.0,Easy,2.0,0.0
63.91278,-22.35525,311.63,2.16,1.43,2024-11-27,404.0,A,50.0,6.1NRT,279.56,44.11,N,POINT (-22.35525 63.91278),15.0,0.75,5.0,Medium,3.0,0.0
63.90009,-22.35805,403.97,2.16,1.43,2024-11-27,404.0,A,100.0,6.1NRT,292.72,866.95,N,POINT (-22.35805 63.90009),50.0,3.5,25.0,Critical,0.0,100.0
63.89785,-22.3131,390.75,2.15,1.43,2024-11-27,404.0,A,100.0,6.1NRT,294.81,631.26,N,POINT (-22.3131 63.89785),40.0,2.75,20.0,Very Difficult,4.0,0.0
63.89914,-22.362,381.56,2.16,1.43,2024-11-27,404.0,A,100.0,6.1NRT,288.01,501.28,N,POINT (-22.362 63.89914),40.0,2.75,20.0,Very Difficult,4.0,0.0
63.89677,-22.31736,382.29,2.15,1.43,2024-11-27,404.0,A,100.0,6.1NRT,298.39,508.29,N,POINT (-22.31736 63.89677),40.0,2.75,20.0,Very Difficult,4.0,0.0
63.91092,-22.35348,310.86,1.51,1.21,2024-11-27,542.0,A,62.0,6.1NRT,279.92,25.58,N,POINT (-22.35348 63.91092),15.0,0.75,5.0,Medium,3.0,0.0
63.90452,-22.32663,339.15,1.52,1.22,2024-11-27,542.0,A,100.0,6.1NRT,288.44,85.05,N,POINT (-22.32663 63.90452),25.0,1.5,11.0,Difficult,1.0,0.0
63.90141,-22.36534,386.33,1.51,1.21,2024-11-27,542.0,A,100.0,6.1NRT,287.7,338.43,N,POINT (-22.36534 63.90141),40.0,2.75,20.0,Very Difficult,4.0,0.0
63.89499,-22.33844,445.57,1.52,1.22,2024-11-27,542.0,A,100.0,6.1NRT,317.97,1214.88,N,POINT (-22.33844 63.89499),50.0,3.5,25.0,Critical,0.0,100.0
63.88879,-22.31251,323.93,1.52,1.22,2024-11-27,542.0,A,100.0,6.1NRT,279.77,47.0,N,POINT (-22.31251 63.88879),15.0,0.75,5.0,Medium,3.0,0.0
63.89194,-22.37732,313.22,1.51,1.21,2024-11-27,542.0,A,53.0,6.1NRT,289.97,28.06,N,POINT (-22.37732 63.89194),15.0,0.75,5.0,Medium,3.0,0.0
63.88547,-22.35027,311.37,1.52,1.22,2024-11-27,542.0,A,32.0,6.1NRT,285.66,24.24,N,POINT (-22.35027 63.88547),15.0,0.75,5.0,Medium,3.0,0.0
42.13252,24.92541,301.03,1.01,1.0,2024-11-27,824.0,T,44.0,6.1NRT,285.66,4.84,D,POINT (24.92541 42.13252),5.0,0.35,2.0,Easy,2.0,0.0
44.35503,4.69706,308.46,1.14,1.06,2024-11-27,1002.0,T,58.0,6.1NRT,283.89,12.9,D,POINT (4.69706 44.35503),5.0,0.35,2.0,Easy,2.0,0.0
44.35268,4.71077,316.2,1.14,1.06,2024-11-27,1002.0,T,58.0,6.1NRT,283.75,20.06,D,POINT (4.71077 44.35268),15.0,0.75,5.0,Medium,3.0,0.0
43.44828,4.89974,300.31,1.19,1.09,2024-11-27,1002.0,T,26.0,6.1NRT,284.95,7.35,D,POINT (4.89974 43.44828),5.0,0.35,2.0,Easy,2.0,0.0
43.22115,2.74363,307.13,1.03,1.02,2024-11-27,1002.0,T,65.0,6.1NRT,283.09,10.64,D,POINT (2.74363 43.22115),5.0,0.35,2.0,Easy,2.0,0.0
41.03622,25.43204,303.72,1.21,1.09,2024-11-27,1159.0,A,57.0,6.1NRT,290.88,6.73,D,POINT (25.43204 41.03622),5.0,0.35,2.0,Easy,2.0,0.0
40.53294,22.56263,306.52,1.74,1.29,2024-11-27,1159.0,A,41.0,6.1NRT,287.56,15.55,D,POINT (22.56263 40.53294),5.0,0.35,2.0,Easy,2.0,0.0
41.07938,25.26578,301.0,1.23,1.1,2024-11-27,1159.0,A,44.0,6.1NRT,289.1,5.26,D,POINT (25.26578 41.07938),5.0,0.35,2.0,Easy,2.0,0.0
41.08405,23.36323,320.83,1.52,1.22,2024-11-27,1159.0,A,39.0,6.1NRT,290.69,28.09,D,POINT (23.36323 41.08405),15.0,0.75,5.0,Medium,3.0,0.0
41.11201,23.33487,308.56,1.53,1.22,2024-11-27,1159.0,A,58.0,6.1NRT,290.03,13.22,D,POINT (23.33487 41.11201),5.0,0.35,2.0,Easy,2.0,0.0
41.08006,22.64293,315.51,1.67,1.27,2024-11-27,1159.0,A,76.0,6.1NRT,290.2,27.1,D,POINT (22.64293 41.08006),15.0,0.75,5.0,Medium,3.0,0.0
41.07621,22.62393,304.92,1.67,1.27,2024-11-27,1159.0,A,43.0,6.1NRT,289.49,11.31,D,POINT (22.62393 41.07621),5.0,0.35,2.0,Easy,2.0,0.0
41.07927,22.63812,319.5,1.67,1.27,2024-11-27,1159.0,A,79.0,6.1NRT,290.13,36.58,D,POINT (22.63812 41.07927),15.0,0.75,5.0,Medium,3.0,0.0
41.02851,22.11082,308.74,1.79,1.31,2024-11-27,1159.0,A,68.0,6.1NRT,291.15,18.88,D,POINT (22.11082 41.02851),5.0,0.35,2.0,Easy,2.0,0.0
42.24734,24.88029,301.98,1.22,1.1,2024-11-27,1159.0,A,50.0,6.1NRT,289.37,6.05,D,POINT (24.88029 42.24734),5.0,0.35,2.0,Easy,2.0,0.0
42.57243,24.88332,301.93,1.2,1.09,2024-11-27,1159.0,A,50.0,6.1NRT,286.21,7.5,D,POINT (24.88332 42.57243),5.0,0.35,2.0,Easy,2.0,0.0
43.62802,23.88153,301.95,1.27,1.12,2024-11-27,1159.0,A,50.0,6.1NRT,287.25,7.66,D,POINT (23.88153 43.62802),5.0,0.35,2.0,Easy,2.0,0.0
43.85781,23.6002,300.15,1.29,1.13,2024-11-27,1159.0,A,0.0,6.1NRT,283.03,6.52,D,POINT (23.6002 43.85781),5.0,0.35,2.0,Easy,2.0,0.0
44.36092,24.12673,306.26,1.21,1.09,2024-11-27,1159.0,A,60.0,6.1NRT,284.34,11.64,D,POINT (24.12673 44.36092),5.0,0.35,2.0,Easy,2.0,0.0
44.51954,23.78687,301.26,1.24,1.1,2024-11-27,1159.0,A,46.0,6.1NRT,285.01,8.35,D,POINT (23.78687 44.51954),5.0,0.35,2.0,Easy,2.0,0.0
36.82223,9.80651,309.05,1.32,1.14,2024-11-27,1335.0,A,67.0,6.1NRT,293.33,9.51,D,POINT (9.80651 36.82223),5.0,0.35,2.0,Easy,2.0,0.0
36.63008,6.1535,300.54,1.0,1.0,2024-11-27,1335.0,A,18.0,6.1NRT,290.25,3.6,D,POINT (6.1535 36.63008),5.0,0.35,2.0,Easy,2.0,0.0
36.63882,6.15149,300.63,1.0,1.0,2024-11-27,1335.0,A,34.0,6.1NRT,289.15,4.05,D,POINT (6.15149 36.63882),5.0,0.35,2.0,Easy,2.0,0.0
36.7469,6.25649,312.88,1.01,1.0,2024-11-27,1335.0,A,73.0,6.1NRT,293.32,10.76,D,POINT (6.25649 36.7469),15.0,0.75,5.0,Medium,3.0,0.0
36.74535,6.24554,304.8,1.01,1.0,2024-11-27,1335.0,A,60.0,6.1NRT,293.32,5.32,D,POINT (6.24554 36.74535),5.0,0.35,2.0,Easy,2.0,0.0
44.18509,-0.9265,332.81,1.26,1.11,2024-11-27,1337.0,A,83.0,6.1NRT,286.91,47.42,D,POINT (-0.9265 44.18509),25.0,1.5,11.0,Difficult,1.0,0.0
63.89412,-22.33343,380.36,1.96,1.37,2024-11-27,2252.0,T,100.0,6.1NRT,282.49,422.49,N,POINT (-22.33343 63.89412),40.0,2.75,20.0,Very Difficult,4.0,0.0
63.89198,-22.37298,353.47,1.95,1.36,2024-11-27,2252.0,T,98.0,6.1NRT,283.25,188.81,N,POINT (-22.37298 63.89198),40.0,2.75,20.0,Very Difficult,4.0,0.0
63.8977,-22.33875,392.27,1.96,1.37,2024-11-27,2252.0,T,100.0,6.1NRT,289.79,569.3,N,POINT (-22.33875 63.8977),40.0,2.75,20.0,Very Difficult,4.0,0.0
63.89568,-22.37844,349.33,1.95,1.36,2024-11-27,2252.0,T,100.0,6.1NRT,284.93,170.71,N,POINT (-22.37844 63.89568),25.0,1.5,11.0,Difficult,1.0,0.0
63.90985,-22.34185,305.78,1.96,1.37,2024-11-27,2252.0,T,28.0,6.1NRT,272.56,29.75,N,POINT (-22.34185 63.90985),5.0,0.35,2.0,Easy,2.0,0.0
35.81065,-0.24881,301.92,1.78,1.31,2024-11-28,314.0,A,45.0,6.1NRT,287.3,17.18,N,POINT (-0.24881 35.81065),5.0,0.35,2.0,Easy,2.0,0.0
63.91079,-22.34341,316.03,1.1,1.04,2024-11-28,444.0,A,38.0,6.1NRT,274.29,18.35,N,POINT (-22.34341 63.91079),15.0,0.75,5.0,Medium,3.0,0.0
63.90441,-22.37049,318.9,1.1,1.05,2024-11-28,444.0,A,25.0,6.1NRT,274.68,20.31,N,POINT (-22.37049 63.90441),15.0,0.75,5.0,Medium,3.0,0.0
63.90178,-22.34895,465.4,1.1,1.04,2024-11-28,444.0,A,100.0,6.1NRT,318.93,1069.97,N,POINT (-22.34895 63.90178),50.0,3.5,25.0,Critical,0.0,100.0
63.89916,-22.32753,414.57,1.1,1.04,2024-11-28,444.0,A,100.0,6.1NRT,313.38,405.1,N,POINT (-22.32753 63.89916),50.0,3.5,25.0,Critical,0.0,100.0
63.89276,-22.35446,326.3,1.1,1.04,2024-11-28,444.0,A,49.0,6.1NRT,284.89,30.48,N,POINT (-22.35446 63.89276),15.0,0.75,5.0,Medium,3.0,0.0
63.89014,-22.33301,335.74,1.1,1.04,2024-11-28,444.0,A,74.0,6.1NRT,277.2,44.39,N,POINT (-22.33301 63.89014),25.0,1.5,11.0,Difficult,1.0,0.0
43.17635,-4.20382,351.01,1.32,1.14,2024-11-28,1042.0,T,96.0,6.1NRT,291.58,98.86,D,POINT (-4.20382 43.17635),40.0,2.75,20.0,Very Difficult,4.0,0.0
43.1734,-4.18797,304.1,1.32,1.14,2024-11-28,1042.0,T,58.0,6.1NRT,287.28,10.11,D,POINT (-4.18797 43.1734),5.0,0.35,2.0,Easy,2.0,0.0
35.29697,-5.51625,301.45,1.64,1.26,2024-11-28,1045.0,T,47.0,6.1NRT,290.13,8.95,D,POINT (-5.51625 35.29697),5.0,0.35,2.0,Easy,2.0,0.0
63.90268,-22.36144,361.75,4.82,2.0,2024-11-28,1036.0,T,100.0,6.1NRT,276.35,0.0,N,POINT (-22.36144 63.90268),40.0,2.75,20.0,Very Difficult,4.0,0.0
63.90409,-22.36691,347.11,4.82,2.0,2024-11-28,1036.0,T,100.0,6.1NRT,274.93,0.0,N,POINT (-22.36691 63.90409),25.0,1.5,11.0,Difficult,1.0,0.0
51.17263,3.82799,301.5,2.02,1.39,2024-11-28,1038.0,T,0.0,6.1NRT,277.6,20.56,D,POINT (3.82799 51.17263),5.0,0.35,2.0,Easy,2.0,0.0
38.25814,23.42373,313.72,1.21,1.1,2024-11-28,1238.0,A,74.0,6.1NRT,291.21,15.4,D,POINT (23.42373 38.25814),15.0,0.75,5.0,Medium,3.0,0.0
40.50966,22.61572,301.73,1.19,1.08,2024-11-28,1238.0,A,39.0,6.1NRT,286.47,6.22,D,POINT (22.61572 40.50966),5.0,0.35,2.0,Easy,2.0,0.0
40.50806,22.60204,307.3,1.19,1.08,2024-11-28,1238.0,A,65.0,6.1NRT,287.01,10.12,D,POINT (22.60204 40.50806),5.0,0.35,2.0,Easy,2.0,0.0
40.56063,22.63354,304.19,1.19,1.09,2024-11-28,1238.0,A,50.0,6.1NRT,286.56,7.25,D,POINT (22.63354 40.56063),5.0,0.35,2.0,Easy,2.0,0.0
41.19237,15.80819,301.99,1.17,1.08,2024-11-28,1238.0,A,45.0,6.1NRT,291.19,4.39,D,POINT (15.80819 41.19237),5.0,0.35,2.0,Easy,2.0,0.0
63.90047,-22.35242,476.17,1.0,1.0,2024-11-28,1214.0,T,100.0,6.1NRT,325.09,1117.74,D,POINT (-22.35242 63.90047),50.0,3.5,25.0,Critical,0.0,100.0
63.89754,-22.33322,411.62,1.0,1.0,2024-11-28,1214.0,T,100.0,6.1NRT,303.47,331.04,D,POINT (-22.33322 63.89754),50.0,3.5,25.0,Critical,0.0,100.0
63.89201,-22.359,325.16,1.0,1.0,2024-11-28,1214.0,T,46.0,6.1NRT,285.15,23.77,D,POINT (-22.359 63.89201),15.0,0.75,5.0,Medium,3.0,0.0
63.88908,-22.3398,347.53,1.0,1.0,2024-11-28,1214.0,T,100.0,6.1NRT,277.26,57.23,D,POINT (-22.3398 63.88908),25.0,1.5,11.0,Difficult,1.0,0.0
63.89885,-22.36409,366.11,4.08,1.87,2024-11-28,1352.0,T,100.0,6.1NRT,278.87,840.96,D,POINT (-22.36409 63.89885),40.0,2.75,20.0,Very Difficult,4.0,0.0
63.87547,-22.30395,328.66,4.11,1.88,2024-11-28,1352.0,T,100.0,6.1NRT,267.83,254.95,D,POINT (-22.30395 63.87547),15.0,0.75,5.0,Medium,3.0,0.0
63.90801,-22.35273,341.63,4.08,1.87,2024-11-28,1352.0,T,100.0,6.1NRT,275.77,392.45,D,POINT (-22.35273 63.90801),25.0,1.5,11.0,Difficult,1.0,0.0
63.88575,-22.29459,325.67,4.11,1.88,2024-11-28,1352.0,T,95.0,6.1NRT,267.43,217.87,D,POINT (-22.29459 63.88575),15.0,0.75,5.0,Medium,3.0,0.0
63.89567,-22.37827,332.79,4.08,1.87,2024-11-28,1352.0,T,100.0,6.1NRT,273.17,295.88,D,POINT (-22.37827 63.89567),25.0,1.5,11.0,Difficult,1.0,0.0
63.87209,-22.3168,307.64,4.11,1.88,2024-11-28,1352.0,T,56.0,6.1NRT,266.58,106.38,D,POINT (-22.3168 63.87209),5.0,0.35,2.0,Easy,2.0,0.0
35.80919,-0.24869,303.57,1.26,1.12,2024-11-28,1414.0,A,19.0,6.1NRT,291.3,4.18,D,POINT (-0.24869 35.80919),5.0,0.35,2.0,Easy,2.0,0.0
35.8076,-0.26246,307.88,1.26,1.12,2024-11-28,1414.0,A,57.0,6.1NRT,293.08,7.78,D,POINT (-0.26246 35.8076),5.0,0.35,2.0,Easy,2.0,0.0
38.29967,-5.89623,303.42,1.02,1.01,2024-11-28,1414.0,A,49.0,6.1NRT,290.14,5.3,D,POINT (-5.89623 38.29967),5.0,0.35,2.0,Easy,2.0,0.0
38.93862,-5.90276,312.85,1.02,1.01,2024-11-28,1416.0,A,73.0,6.1NRT,291.71,11.2,D,POINT (-5.90276 38.93862),15.0,0.75,5.0,Medium,3.0,0.0
38.93686,-5.91412,323.79,1.02,1.01,2024-11-28,1416.0,A,83.0,6.1NRT,292.48,21.62,D,POINT (-5.91412 38.93686),15.0,0.75,5.0,Medium,3.0,0.0
39.13292,-5.41917,305.89,1.0,1.0,2024-11-28,1416.0,A,62.0,6.1NRT,289.9,6.72,D,POINT (-5.41917 39.13292),5.0,0.35,2.0,Easy,2.0,0.0
40.78278,-8.40284,300.78,1.14,1.06,2024-11-28,1416.0,A,39.0,6.1NRT,289.87,5.08,D,POINT (-8.40284 40.78278),5.0,0.35,2.0,Easy,2.0,0.0
41.65696,-8.69303,301.9,1.13,1.06,2024-11-28,1416.0,A,50.0,6.1NRT,290.14,5.9,D,POINT (-8.69303 41.65696),5.0,0.35,2.0,Easy,2.0,0.0
43.52433,-5.73298,313.25,1.01,1.0,2024-11-28,1416.0,A,73.0,6.1NRT,290.49,12.99,D,POINT (-5.73298 43.52433),15.0,0.75,5.0,Medium,3.0,0.0
43.52261,-5.7451,301.54,1.01,1.0,2024-11-28,1416.0,A,48.0,6.1NRT,289.8,5.29,D,POINT (-5.7451 43.52261),5.0,0.35,2.0,Easy,2.0,0.0
63.89614,-22.32603,347.68,1.13,1.06,2024-11-28,1424.0,A,100.0,6.1NRT,278.73,71.27,D,POINT (-22.32603 63.89614),25.0,1.5,11.0,Difficult,1.0,0.0
63.89212,-22.3469,453.98,1.13,1.06,2024-11-28,1424.0,A,100.0,6.1NRT,320.84,914.89,D,POINT (-22.3469 63.89212),50.0,3.5,25.0,Critical,0.0,100.0
63.88808,-22.36778,359.26,1.13,1.06,2024-11-28,1424.0,A,100.0,6.1NRT,293.01,103.19,D,POINT (-22.36778 63.88808),40.0,2.75,20.0,Very Difficult,4.0,0.0
63.90076,-22.35559,392.13,1.13,1.06,2024-11-28,1424.0,A,100.0,6.1NRT,286.61,253.53,D,POINT (-22.35559 63.90076),40.0,2.75,20.0,Very Difficult,4.0,0.0
63.89673,-22.37647,351.38,1.13,1.06,2024-11-28,1424.0,A,100.0,6.1NRT,280.27,81.74,D,POINT (-22.37647 63.89673),40.0,2.75,20.0,Very Difficult,4.0,0.0
63.88563,-22.33434,342.36,3.34,1.72,2024-11-28,1602.0,A,100.0,6.1NRT,272.52,0.0,N,POINT (-22.33434 63.88563),25.0,1.5,11.0,Difficult,1.0,0.0
63.8847,-22.40036,323.74,3.32,1.72,2024-11-28,1602.0,A,93.0,6.1NRT,278.98,0.0,N,POINT (-22.40036 63.8847),15.0,0.75,5.0,Medium,3.0,0.0
63.90102,-22.33461,348.64,3.34,1.72,2024-11-28,1602.0,A,100.0,6.1NRT,270.76,0.0,N,POINT (-22.33461 63.90102),25.0,1.5,11.0,Difficult,1.0,0.0
63.90005,-22.40088,342.95,3.32,1.72,2024-11-28,1602.0,A,100.0,6.1NRT,273.94,0.0,N,POINT (-22.40088 63.90005),25.0,1.5,11.0,Difficult,1.0,0.0
63.89619,-22.33758,357.48,3.34,1.72,2024-11-28,1602.0,A,100.0,6.1NRT,276.59,0.0,N,POINT (-22.33758 63.89619),40.0,2.75,20.0,Very Difficult,4.0,0.0
63.89544,-22.40377,338.95,3.32,1.72,2024-11-28,1602.0,A,100.0,6.1NRT,280.79,0.0,N,POINT (-22.40377 63.89544),25.0,1.5,11.0,Difficult,1.0,0.0
49.34966,6.74192,300.08,1.35,1.15,2024-11-28,2010.0,T,16.0,6.1NRT,274.22,13.48,N,POINT (6.74192 49.34966),5.0,0.35,2.0,Easy,2.0,0.0
51.17539,3.80807,302.2,1.63,1.26,2024-11-28,2012.0,T,47.0,6.1NRT,276.4,19.42,N,POINT (3.80807 51.17539),5.0,0.35,2.0,Easy,2.0,0.0
63.90168,-22.33636,361.92,4.31,1.92,2024-11-28,2014.0,T,100.0,6.1NRT,276.05,0.0,N,POINT (-22.33636 63.90168),40.0,2.75,20.0,Very Difficult,4.0,0.0
63.87611,-22.40056,325.48,4.34,1.92,2024-11-28,2014.0,T,95.0,6.1NRT,270.24,0.0,N,POINT (-22.40056 63.87611),15.0,0.75,5.0,Medium,3.0,0.0
63.90334,-22.34839,356.29,4.31,1.92,2024-11-28,2014.0,T,100.0,6.1NRT,276.31,0.0,N,POINT (-22.34839 63.90334),40.0,2.75,20.0,Very Difficult,4.0,0.0
63.87752,-22.41236,322.5,4.34,1.92,2024-11-28,2014.0,T,92.0,6.1NRT,268.47,0.0,N,POINT (-22.41236 63.87752),15.0,0.75,5.0,Medium,3.0,0.0
63.89351,-22.32971,357.6,1.01,1.01,2024-11-28,2154.0,T,100.0,6.1NRT,285.05,81.67,N,POINT (-22.32971 63.89351),40.0,2.75,20.0,Very Difficult,4.0,0.0
63.89046,-22.34905,362.47,1.01,1.01,2024-11-28,2154.0,T,100.0,6.1NRT,290.66,95.52,N,POINT (-22.34905 63.89046),40.0,2.75,20.0,Very Difficult,4.0,0.0
63.90197,-22.33665,406.43,1.01,1.01,2024-11-28,2154.0,T,100.0,6.1NRT,289.02,300.32,N,POINT (-22.33665 63.90197),50.0,3.5,25.0,Critical,0.0,100.0
63.89893,-22.356,472.54,1.01,1.01,2024-11-28,2154.0,T,100.0,6.1NRT,319.05,1069.42,N,POINT (-22.356 63.89893),50.0,3.5,25.0,Critical,0.0,100.0
63.89588,-22.37532,325.9,1.01,1.01,2024-11-28,2154.0,T,51.0,6.1NRT,280.85,24.75,N,POINT (-22.37532 63.89588),15.0,0.75,5.0,Medium,3.0,0.0
63.9003,-22.34781,365.2,4.44,1.94,2024-11-28,2333.0,T,100.0,6.1NRT,278.42,0.0,N,POINT (-22.34781 63.9003),40.0,2.75,20.0,Very Difficult,4.0,0.0
63.90176,-22.35527,365.52,4.44,1.94,2024-11-28,2333.0,T,100.0,6.1NRT,277.78,0.0,N,POINT (-22.35527 63.90176),40.0,2.75,20.0,Very Difficult,4.0,0.0
45.48165,10.20954,301.94,1.02,1.01,2024-11-29,213.0,A,45.0,6.1NRT,276.82,9.42,N,POINT (10.20954 45.48165),5.0,0.35,2.0,Easy,2.0,0.0
45.47987,10.22216,302.63,1.02,1.01,2024-11-29,213.0,A,50.0,6.1NRT,276.93,9.75,N,POINT (10.22216 45.47987),5.0,0.35,2.0,Easy,2.0,0.0
63.90022,-22.33282,393.2,3.19,1.69,2024-11-29,346.0,A,100.0,6.1NRT,287.88,0.0,N,POINT (-22.33282 63.90022),40.0,2.75,20.0,Very Difficult,4.0,0.0
63.90348,-22.34252,389.06,3.19,1.69,2024-11-29,346.0,A,100.0,6.1NRT,286.13,0.0,N,POINT (-22.34252 63.90348),40.0,2.75,20.0,Very Difficult,4.0,0.0
63.90216,-22.27309,323.38,3.18,1.69,2024-11-29,346.0,A,93.0,6.1NRT,268.0,0.0,N,POINT (-22.27309 63.90216),15.0,0.75,5.0,Medium,3.0,0.0
63.90371,-22.3669,337.88,1.15,1.07,2024-11-29,525.0,A,94.0,6.1NRT,276.31,49.29,N,POINT (-22.3669 63.90371),25.0,1.5,11.0,Difficult,1.0,0.0
63.8995,-22.34565,448.01,1.15,1.07,2024-11-29,525.0,A,100.0,6.1NRT,315.04,845.75,N,POINT (-22.34565 63.8995),50.0,3.5,25.0,Critical,0.0,100.0
63.89529,-22.32435,376.64,1.16,1.07,2024-11-29,525.0,A,100.0,6.1NRT,292.96,172.09,N,POINT (-22.32435 63.89529),40.0,2.75,20.0,Very Difficult,4.0,0.0
63.8908,-22.35462,324.86,1.15,1.07,2024-11-29,525.0,A,54.0,6.1NRT,285.3,27.81,N,POINT (-22.35462 63.8908),15.0,0.75,5.0,Medium,3.0,0.0
36.88233,7.42988,307.71,1.23,1.1,2024-11-29,945.0,T,66.0,6.1NRT,290.44,10.09,D,POINT (7.42988 36.88233),5.0,0.35,2.0,Easy,2.0,0.0
51.69168,15.98051,303.89,1.51,1.21,2024-11-29,938.0,T,57.0,6.1NRT,277.21,17.23,D,POINT (15.98051 51.69168),5.0,0.35,2.0,Easy,2.0,0.0
51.17374,3.82079,300.79,1.29,1.13,2024-11-29,941.0,T,36.0,6.1NRT,275.68,12.05,D,POINT (3.82079 51.17374),5.0,0.35,2.0,Easy,2.0,0.0
36.74416,6.25737,323.17,1.11,1.05,2024-11-29,945.0,T,82.0,6.1NRT,290.27,24.58,D,POINT (6.25737 36.74416),15.0,0.75,5.0,Medium,3.0,0.0
36.12838,1.24203,301.47,1.11,1.05,2024-11-29,945.0,T,47.0,6.1NRT,290.83,4.24,D,POINT (1.24203 36.12838),5.0,0.35,2.0,Easy,2.0,0.0
45.47889,10.21429,312.23,1.18,1.08,2024-11-29,941.0,T,72.0,6.1NRT,282.24,17.94,D,POINT (10.21429 45.47889),15.0,0.75,5.0,Medium,3.0,0.0
37.02362,29.93649,301.09,1.48,1.2,2024-11-29,1138.0,A,44.0,6.1NRT,285.74,9.98,D,POINT (29.93649 37.02362),5.0,0.35,2.0,Easy,2.0,0.0
37.51849,29.81541,308.76,1.47,1.2,2024-11-29,1138.0,A,68.0,6.1NRT,287.23,15.65,D,POINT (29.81541 37.51849),5.0,0.35,2.0,Easy,2.0,0.0
43.44654,4.88919,303.93,1.17,1.08,2024-11-29,1318.0,A,0.0,6.1NRT,288.87,8.29,D,POINT (4.88919 43.44654),5.0,0.35,2.0,Easy,2.0,0.0
63.89621,-22.35642,392.14,1.55,1.23,2024-11-29,1255.0,T,100.0,6.1NRT,269.5,0.0,D,POINT (-22.35642 63.89621),40.0,2.75,20.0,Very Difficult,4.0,0.0
51.36661,6.70833,308.38,1.03,1.01,2024-11-29,1320.0,A,51.0,6.1NRT,281.88,12.62,D,POINT (6.70833 51.36661),5.0,0.35,2.0,Easy,2.0,0.0
51.48612,6.70625,304.95,1.03,1.01,2024-11-29,1320.0,A,0.0,6.1NRT,281.67,10.02,D,POINT (6.70625 51.48612),5.0,0.35,2.0,Easy,2.0,0.0
51.17129,3.80566,315.47,1.02,1.01,2024-11-29,1320.0,A,57.0,6.1NRT,279.77,18.15,D,POINT (3.80566 51.17129),15.0,0.75,5.0,Medium,3.0,0.0
36.74346,6.25824,303.57,1.0,1.0,2024-11-29,2046.0,T,56.0,6.1NRT,285.6,8.17,N,POINT (6.25824 36.74346),5.0,0.35,2.0,Easy,2.0,0.0
51.17065,3.80763,314.55,1.07,1.03,2024-11-29,2050.0,T,89.0,6.1NRT,276.63,20.04,N,POINT (3.80763 51.17065),15.0,0.75,5.0,Medium,3.0,0.0
51.04391,2.29249,306.44,1.01,1.0,2024-11-29,2050.0,T,46.0,6.1NRT,277.47,10.99,N,POINT (2.29249 51.04391),5.0,0.35,2.0,Easy,2.0,0.0
51.17532,3.81398,307.86,1.0,1.0,2024-11-30,249.0,A,73.0,6.1NRT,275.92,12.9,N,POINT (3.81398 51.17532),5.0,0.35,2.0,Easy,2.0,0.0
37.99862,-1.10756,352.85,1.0,1.0,2024-11-30,253.0,A,100.0,6.1NRT,284.95,71.44,N,POINT (-1.10756 37.99862),40.0,2.75,20.0,Very Difficult,4.0,0.0
37.99696,-1.0965,327.6,1.0,1.0,2024-11-30,253.0,A,100.0,6.1NRT,284.36,28.76,N,POINT (-1.0965 37.99696),15.0,0.75,5.0,Medium,3.0,0.0
37.28707,-3.79341,302.84,1.09,1.04,2024-11-30,1025.0,T,50.0,6.1NRT,287.39,6.02,D,POINT (-3.79341 37.28707),5.0,0.35,2.0,Easy,2.0,0.0
37.28509,-3.78134,312.67,1.09,1.04,2024-11-30,1025.0,T,73.0,6.1NRT,287.39,13.35,D,POINT (-3.78134 37.28509),15.0,0.75,5.0,Medium,3.0,0.0
37.27601,-3.78364,307.78,1.09,1.04,2024-11-30,1025.0,T,54.0,6.1NRT,287.56,9.02,D,POINT (-3.78364 37.27601),5.0,0.35,2.0,Easy,2.0,0.0
51.17035,3.80704,313.74,1.27,1.12,2024-11-30,1019.0,T,70.0,6.1NRT,279.32,23.29,D,POINT (3.80704 51.17035),15.0,0.75,5.0,Medium,3.0,0.0
43.45173,4.90523,300.1,2.26,1.46,2024-11-30,1021.0,T,0.0,6.1NRT,283.32,18.59,D,POINT (4.90523 43.45173),5.0,0.35,2.0,Easy,2.0,0.0
38.76826,-1.62551,302.07,1.28,1.12,2024-11-30,1023.0,T,50.0,6.1NRT,288.72,6.86,D,POINT (-1.62551 38.76826),5.0,0.35,2.0,Easy,2.0,0.0
38.76572,-1.61146,300.06,1.28,1.12,2024-11-30,1023.0,T,25.0,6.1NRT,288.79,5.3,D,POINT (-1.61146 38.76572),5.0,0.35,2.0,Easy,2.0,0.0
38.4744,-1.15634,303.09,1.36,1.16,2024-11-30,1023.0,T,50.0,6.1NRT,290.03,7.36,D,POINT (-1.15634 38.4744),5.0,0.35,2.0,Easy,2.0,0.0
38.47674,-1.16142,303.03,1.36,1.16,2024-11-30,1023.0,T,48.0,6.1NRT,290.65,7.65,D,POINT (-1.16142 38.47674),5.0,0.35,2.0,Easy,2.0,0.0
37.03578,30.94369,301.42,1.65,1.26,2024-11-30,1216.0,A,47.0,6.1NRT,288.52,8.17,D,POINT (30.94369 37.03578),5.0,0.35,2.0,Easy,2.0,0.0
37.03399,30.92585,301.56,1.65,1.26,2024-11-30,1216.0,A,48.0,6.1NRT,288.92,8.3,D,POINT (30.92585 37.03399),5.0,0.35,2.0,Easy,2.0,0.0
37.03655,30.93657,306.04,1.65,1.26,2024-11-30,1216.0,A,63.0,6.1NRT,288.68,14.56,D,POINT (30.93657 37.03655),5.0,0.35,2.0,Easy,2.0,0.0
37.54985,28.93067,301.85,1.29,1.13,2024-11-30,1216.0,A,45.0,6.1NRT,287.04,6.6,D,POINT (28.93067 37.54985),5.0,0.35,2.0,Easy,2.0,0.0
48.60295,21.17413,303.61,1.0,1.0,2024-11-30,1221.0,A,57.0,6.1NRT,279.66,8.96,D,POINT (21.17413 48.60295),5.0,0.35,2.0,Easy,2.0,0.0
63.90504,-22.33113,305.79,3.06,1.66,2024-11-30,1333.0,T,17.0,6.1NRT,274.18,60.22,D,POINT (-22.33113 63.90504),5.0,0.35,2.0,Easy,2.0,0.0
63.89322,-22.35141,371.88,3.06,1.66,2024-11-30,1333.0,T,100.0,6.1NRT,281.56,648.84,D,POINT (-22.35141 63.89322),40.0,2.75,20.0,Very Difficult,4.0,0.0
63.90462,-22.33587,321.14,3.06,1.66,2024-11-30,1333.0,T,100.0,6.1NRT,276.63,124.44,D,POINT (-22.33587 63.90462),15.0,0.75,5.0,Medium,3.0,0.0
63.89287,-22.35634,365.28,3.06,1.66,2024-11-30,1333.0,T,100.0,6.1NRT,280.34,544.37,D,POINT (-22.35634 63.89287),40.0,2.75,20.0,Very Difficult,4.0,0.0
37.27534,-3.78476,304.46,1.31,1.14,2024-11-30,1357.0,A,12.0,6.1NRT,291.45,6.38,D,POINT (-3.78476 37.27534),5.0,0.35,2.0,Easy,2.0,0.0
38.28384,-3.60009,306.56,1.24,1.1,2024-11-30,1357.0,A,64.0,6.1NRT,291.22,8.48,D,POINT (-3.60009 38.28384),5.0,0.35,2.0,Easy,2.0,0.0
38.28141,-3.61374,317.85,1.24,1.11,2024-11-30,1357.0,A,78.0,6.1NRT,291.62,20.21,D,POINT (-3.61374 38.28141),15.0,0.75,5.0,Medium,3.0,0.0
63.88758,-22.34921,320.54,1.47,1.2,2024-11-30,1403.0,A,91.0,6.1NRT,265.72,39.2,D,POINT (-22.34921 63.88758),15.0,0.75,5.0,Medium,3.0,0.0
63.89701,-22.36061,396.74,1.47,1.2,2024-11-30,1403.0,A,100.0,6.1NRT,285.5,420.05,D,POINT (-22.36061 63.89701),40.0,2.75,20.0,Very Difficult,4.0,2.0
63.89654,-22.33754,375.33,2.25,1.45,2024-11-30,1541.0,A,100.0,6.1NRT,286.07,458.21,N,POINT (-22.33754 63.89654),40.0,2.75,20.0,Very Difficult,4.0,0.0
63.89436,-22.38278,365.12,2.24,1.45,2024-11-30,1541.0,A,100.0,6.1NRT,287.96,344.17,N,POINT (-22.38278 63.89436),40.0,2.75,20.0,Very Difficult,4.0,0.0
63.89384,-22.34152,380.5,2.25,1.45,2024-11-30,1541.0,A,100.0,6.1NRT,285.22,524.74,N,POINT (-22.34152 63.89384),40.0,2.75,20.0,Very Difficult,4.0,0.0
63.89182,-22.38669,354.01,2.24,1.45,2024-11-30,1541.0,A,100.0,6.1NRT,285.67,247.76,N,POINT (-22.38669 63.89182),40.0,2.75,20.0,Very Difficult,4.0,0.0
48.28078,14.33641,301.76,1.1,1.04,2024-12-01,151.0,A,44.0,6.1NRT,273.27,11.54,N,POINT (14.33641 48.28078),5.0,0.35,2.0,Easy,2.0,0.0
63.9,-22.34331,349.77,4.71,1.99,2024-12-01,327.0,A,100.0,6.1NRT,274.81,639.25,N,POINT (-22.34331 63.9),25.0,1.5,11.0,Difficult,1.0,0.0
63.89909,-22.34685,348.0,4.71,1.99,2024-12-01,327.0,A,100.0,6.1NRT,274.52,602.13,N,POINT (-22.34685 63.89909),25.0,1.5,11.0,Difficult,1.0,0.0
63.90034,-22.24776,306.95,4.68,1.98,2024-12-01,327.0,A,50.0,6.1NRT,267.42,120.8,N,POINT (-22.24776 63.90034),5.0,0.35,2.0,Easy,2.0,0.0
63.91062,-22.34747,305.45,1.0,1.0,2024-12-01,505.0,A,4.0,6.1NRT,271.28,10.68,N,POINT (-22.34747 63.91062),5.0,0.35,2.0,Easy,2.0,0.0
63.90755,-22.32835,307.27,1.0,1.0,2024-12-01,505.0,A,24.0,6.1NRT,265.33,11.29,N,POINT (-22.32835 63.90755),5.0,0.35,2.0,Easy,2.0,0.0
63.90221,-22.35439,428.02,1.0,1.0,2024-12-01,505.0,A,100.0,6.1NRT,297.32,470.58,N,POINT (-22.35439 63.90221),50.0,3.5,25.0,Critical,0.0,100.0
63.89913,-22.33528,423.36,1.0,1.0,2024-12-01,505.0,A,100.0,6.1NRT,307.28,427.34,N,POINT (-22.33528 63.89913),50.0,3.5,25.0,Critical,0.0,100.0
63.89606,-22.31619,332.23,1.0,1.0,2024-12-01,505.0,A,26.0,6.1NRT,276.68,31.92,N,POINT (-22.31619 63.89606),25.0,1.5,11.0,Difficult,1.0,0.0
63.89904,-22.33373,353.87,4.08,1.87,2024-12-01,641.0,A,100.0,6.1NRT,270.11,0.0,N,POINT (-22.33373 63.89904),40.0,2.75,20.0,Very Difficult,4.0,0.0
63.89401,-22.34582,350.78,4.08,1.87,2024-12-01,641.0,A,100.0,6.1NRT,270.32,0.0,N,POINT (-22.34582 63.89401),40.0,2.75,20.0,Very Difficult,4.0,0.0
36.75018,6.25043,302.21,1.09,1.04,2024-12-01,926.0,T,42.0,6.1NRT,289.51,5.66,D,POINT (6.25043 36.75018),5.0,0.35,2.0,Easy,2.0,0.0
36.74867,6.2623,304.44,1.09,1.04,2024-12-01,926.0,T,56.0,6.1NRT,288.68,7.08,D,POINT (6.2623 36.74867),5.0,0.35,2.0,Easy,2.0,0.0
35.80512,-0.24112,322.65,2.46,1.51,2024-12-01,926.0,T,0.0,6.1NRT,288.45,74.42,D,POINT (-0.24112 35.80512),15.0,0.75,5.0,Medium,3.0,0.0
52.15442,10.39795,301.71,1.13,1.06,2024-12-01,921.0,T,49.0,6.1NRT,275.53,10.96,D,POINT (10.39795 52.15442),5.0,0.35,2.0,Easy,2.0,0.0
63.8991,-22.3912,350.43,3.11,1.67,2024-12-01,1057.0,T,100.0,6.1NRT,271.51,0.0,N,POINT (-22.3912 63.8991),40.0,2.75,20.0,Very Difficult,4.0,0.0
63.89816,-22.32626,365.24,3.09,1.67,2024-12-01,1057.0,T,100.0,6.1NRT,276.98,0.0,N,POINT (-22.32626 63.89816),40.0,2.75,20.0,Very Difficult,4.0,0.0
37.06736,34.9516,301.37,1.43,1.18,2024-12-01,1119.0,A,46.0,6.1NRT,289.29,7.77,D,POINT (34.9516 37.06736),5.0,0.35,2.0,Easy,2.0,0.0
63.89951,-22.3569,422.36,1.18,1.08,2024-12-01,1238.0,T,100.0,6.1NRT,297.5,531.56,D,POINT (-22.3569 63.89951),50.0,3.5,25.0,Critical,0.0,100.0
63.89524,-22.33506,387.8,1.18,1.08,2024-12-01,1238.0,T,100.0,6.1NRT,286.39,240.18,D,POINT (-22.33506 63.89524),40.0,2.75,20.0,Very Difficult,4.0,0.0
39.82393,8.62491,302.13,1.54,1.22,2024-12-01,1259.0,A,51.0,6.1NRT,288.18,10.52,D,POINT (8.62491 39.82393),5.0,0.35,2.0,Easy,2.0,0.0
44.881,8.577,303.35,1.22,1.1,2024-12-01,1259.0,A,53.0,6.1NRT,281.96,10.92,D,POINT (8.577 44.881),5.0,0.35,2.0,Easy,2.0,0.0
52.15658,10.40818,304.09,1.01,1.0,2024-12-01,1301.0,A,58.0,6.1NRT,277.72,10.11,D,POINT (10.40818 52.15658),5.0,0.35,2.0,Easy,2.0,0.0
52.15458,10.39395,303.3,1.01,1.0,2024-12-01,1301.0,A,55.0,6.1NRT,278.3,9.58,D,POINT (10.39395 52.15458),5.0,0.35,2.0,Easy,2.0,0.0
63.88895,-22.36561,360.99,3.87,1.83,2024-12-01,1308.0,A,100.0,6.1NRT,275.91,0.0,D,POINT (-22.36561 63.88895),40.0,2.75,20.0,Very Difficult,4.0,0.0
63.88137,-22.3604,333.98,3.87,1.83,2024-12-01,1308.0,A,100.0,6.1NRT,272.9,0.0,D,POINT (-22.3604 63.88137),25.0,1.5,11.0,Difficult,1.0,0.0
63.89352,-22.38524,339.35,3.87,1.83,2024-12-01,1308.0,A,100.0,6.1NRT,266.67,0.0,D,POINT (-22.38524 63.89352),25.0,1.5,11.0,Difficult,1.0,0.0
35.80185,-0.23533,303.46,2.65,1.56,2024-12-01,1435.0,A,40.0,6.1NRT,289.89,14.52,D,POINT (-0.23533 35.80185),5.0,0.35,2.0,Easy,2.0,0.0
63.89634,-22.34102,419.35,1.0,1.0,2024-12-01,1444.0,A,100.0,6.1NRT,302.69,390.95,D,POINT (-22.34102 63.89634),50.0,3.5,25.0,Critical,0.0,100.0
63.89343,-22.36019,436.69,1.0,1.0,2024-12-01,1444.0,A,100.0,6.1NRT,310.62,555.33,D,POINT (-22.36019 63.89343),50.0,3.5,25.0,Critical,0.0,100.0
63.90187,-22.36684,344.56,1.0,1.0,2024-12-01,1444.0,A,100.0,6.1NRT,284.18,53.47,D,POINT (-22.36684 63.90187),25.0,1.5,11.0,Difficult,1.0,0.0
35.79976,-0.25334,314.32,3.78,1.82,2024-12-01,2029.0,T,89.0,6.1NRT,284.79,106.37,N,POINT (-0.25334 35.79976),15.0,0.75,5.0,Medium,3.0,0.0
52.15723,10.41155,302.98,1.25,1.11,2024-12-01,2031.0,T,52.0,6.1NRT,273.05,14.48,N,POINT (10.41155 52.15723),5.0,0.35,2.0,Easy,2.0,0.0
52.15545,10.39353,304.92,1.25,1.11,2024-12-01,2031.0,T,62.0,6.1NRT,273.86,15.97,N,POINT (10.39353 52.15545),5.0,0.35,2.0,Easy,2.0,0.0
63.90335,-22.32383,355.78,3.08,1.67,2024-12-01,2038.0,T,100.0,6.1NRT,272.89,0.0,N,POINT (-22.32383 63.90335),40.0,2.75,20.0,Very Difficult,4.0,0.0
63.88699,-22.37351,357.27,3.09,1.67,2024-12-01,2038.0,T,100.0,6.1NRT,276.74,0.0,N,POINT (-22.37351 63.88699),40.0,2.75,20.0,Very Difficult,4.0,0.0
63.90283,-22.33041,359.39,3.08,1.67,2024-12-01,2038.0,T,100.0,6.1NRT,274.7,0.0,N,POINT (-22.33041 63.90283),40.0,2.75,20.0,Very Difficult,4.0,0.0
63.88636,-22.37965,348.59,3.09,1.67,2024-12-01,2038.0,T,100.0,6.1NRT,274.85,0.0,N,POINT (-22.37965 63.88636),25.0,1.5,11.0,Difficult,1.0,0.0
63.89709,-22.32325,326.17,1.08,1.04,2024-12-01,2214.0,T,79.0,6.1NRT,275.65,29.67,N,POINT (-22.32325 63.89709),15.0,0.75,5.0,Medium,3.0,0.0
63.8946,-22.34441,404.56,1.08,1.04,2024-12-01,2214.0,T,100.0,6.1NRT,308.52,315.85,N,POINT (-22.34441 63.8946),50.0,3.5,25.0,Critical,0.0,100.0
63.8921,-22.36563,353.47,1.08,1.04,2024-12-01,2214.0,T,100.0,6.1NRT,290.3,80.46,N,POINT (-22.36563 63.8921),40.0,2.75,20.0,Very Difficult,4.0,0.0
63.90302,-22.33345,327.42,1.08,1.04,2024-12-01,2214.0,T,97.0,6.1NRT,277.21,0.0,N,POINT (-22.33345 63.90302),15.0,0.75,5.0,Medium,3.0,0.0
63.90057,-22.35465,437.26,1.08,1.04,2024-12-01,2214.0,T,100.0,6.1NRT,308.93,0.0,N,POINT (-22.35465 63.90057),50.0,3.5,25.0,Critical,0.0,100.0
63.89811,-22.37582,331.51,1.08,1.04,2024-12-01,2214.0,T,100.0,6.1NRT,276.82,0.0,N,POINT (-22.37582 63.89811),25.0,1.5,11.0,Difficult,1.0,0.0
35.80969,-0.2406,301.59,1.19,1.09,2024-12-02,236.0,A,43.0,6.1NRT,276.9,10.68,N,POINT (-0.2406 35.80969),5.0,0.35,2.0,Easy,2.0,0.0
63.90749,-22.34512,389.36,2.09,1.41,2024-12-02,406.0,A,100.0,6.1NRT,274.17,0.0,N,POINT (-22.34512 63.90749),40.0,2.75,20.0,Very Difficult,4.0,0.0
63.90515,-22.35008,387.14,2.09,1.41,2024-12-02,406.0,A,100.0,6.1NRT,275.17,0.0,N,POINT (-22.35008 63.90515),40.0,2.75,20.0,Very Difficult,4.0,0.0
63.89569,-22.32874,367.72,1.56,1.23,2024-12-02,544.0,A,100.0,6.1NRT,269.76,0.0,N,POINT (-22.32874 63.89569),40.0,2.75,20.0,Very Difficult,4.0,0.0
63.89528,-22.33736,365.31,1.56,1.23,2024-12-02,544.0,A,100.0,6.1NRT,273.33,0.0,N,POINT (-22.33736 63.89528),40.0,2.75,20.0,Very Difficult,4.0,0.0
39.68569,-0.25661,301.98,1.0,1.0,2024-12-02,1004.0,T,50.0,6.1NRT,286.42,5.63,D,POINT (-0.25661 39.68569),5.0,0.35,2.0,Easy,2.0,0.0
38.80851,-2.29698,302.63,1.03,1.01,2024-12-02,1006.0,T,53.0,6.1NRT,284.07,6.86,D,POINT (-2.29698 38.80851),5.0,0.35,2.0,Easy,2.0,0.0
37.22503,-1.92213,300.88,1.0,1.0,2024-12-02,1006.0,T,42.0,6.1NRT,289.34,3.35,D,POINT (-1.92213 37.22503),5.0,0.35,2.0,Easy,2.0,0.0
37.36847,32.79356,306.08,1.17,1.08,2024-12-02,1159.0,A,63.0,6.1NRT,283.19,11.19,D,POINT (32.79356 37.36847),5.0,0.35,2.0,Easy,2.0,0.0
34.36309,7.28573,307.17,1.03,1.02,2024-12-02,1337.0,A,61.0,6.1NRT,293.69,5.31,D,POINT (7.28573 34.36309),5.0,0.35,2.0,Easy,2.0,0.0
35.8067,-0.24127,330.4,1.65,1.26,2024-12-02,1337.0,A,65.0,6.1NRT,290.24,56.82,D,POINT (-0.24127 35.8067),25.0,1.5,11.0,Difficult,1.0,0.0
35.80333,-0.2585,303.43,1.65,1.26,2024-12-02,1337.0,A,43.0,6.1NRT,291.07,6.83,D,POINT (-0.2585 35.80333),5.0,0.35,2.0,Easy,2.0,0.0
38.47649,-1.15271,304.69,1.62,1.25,2024-12-02,1340.0,A,60.0,6.1NRT,290.4,11.52,D,POINT (-1.15271 38.47649),5.0,0.35,2.0,Easy,2.0,0.0
38.47289,-1.17056,301.12,1.62,1.25,2024-12-02,1340.0,A,45.0,6.1NRT,290.5,7.14,D,POINT (-1.17056 38.47289),5.0,0.35,2.0,Easy,2.0,0.0
40.61781,0.35277,304.82,1.23,1.1,2024-12-02,1340.0,A,60.0,6.1NRT,289.11,8.53,D,POINT (0.35277 40.61781),5.0,0.35,2.0,Easy,2.0,0.0
42.20419,8.93009,304.47,1.47,1.2,2024-12-02,1340.0,A,59.0,6.1NRT,283.25,15.0,D,POINT (8.93009 42.20419),5.0,0.35,2.0,Easy,2.0,0.0
37.62178083193154,43.165317719333075,307.75225817529116,,,,,,,,,215.80739259456703,,,39.97161121673466,1.0068051892164935,6.728003994709839,Critical,,
41.65500014486941,29.79123781333945,379.7031947352222,,,,,,,,,36.26688183508152,,,30.128191238111228,1.3357710170958759,47.05177405706028,Critical,,
40.12395759267984,27.897897441824462,381.095268241516,,,,,,,,,189.62108073889934,,,24.08999041611393,1.0310314528302404,31.757694600499477,Medium,,
39.190609389379254,34.789055205551264,395.61448522473097,,,,,,,,,587.2111453599953,,,45.78594732926312,0.7661076012711668,17.41037511819722,Difficult,,
36.09213048309706,44.71300908221201,408.91370005839923,,,,,,,,,427.210305086573,,,10.00388670377681,0.8619076133018024,7.824331560505976,Difficult,,
36.09196164235342,29.84110543023001,446.3778119193802,,,,,,,,,893.7449939662051,,,27.168129693088662,1.8823363040981773,39.9072342742445,Very Difficult,,
35.4065852851774,38.44271094811757,377.4450522451793,,,,,,,,,819.2691261210565,,,5.510914014533858,1.1190011552173775,31.383565040497164,Critical,,
41.06323302042455,40.232392306574354,348.4434709411869,,,,,,,,,348.3991781808972,,,26.08972888973568,1.5928095831442264,27.139593506839756,Easy,,
39.20780508220246,29.752750879847994,419.27792921530556,,,,,,,,,266.82919909697955,,,7.5336474056826805,2.0102518125645705,44.80073656949693,Critical,,
39.95650804457232,39.56432697223719,340.6248376893111,,,,,,,,,385.89548408559426,,,10.346806232063237,2.5711844858880957,39.641263350002006,Critical,,
35.14409146007062,32.355662654385064,365.84571310584545,,,,,,,,,594.3919930896596,,,10.288681104969719,0.6179364195232968,8.432069106904809,Very Difficult,,
41.78936896513396,37.64611661187159,311.7684572013399,,,,,,,,,275.3830044146475,,,34.21446359522286,2.898231196727128,16.274381321981863,Easy,,
40.82709848560295,37.670594215217896,303.8026115123186,,,,,,,,,627.9074187706427,,,38.57201956694405,2.383701168472723,13.17596785090882,Very Difficult,,
36.48637377474793,35.71549368149517,444.39726220168876,,,,,,,,,415.31753566932804,,,31.251594429372183,0.7452770958466157,37.453368336061175,Easy,,
36.27277477044971,26.805795401088165,425.3970180768309,,,,,,,,,556.5267090434604,,,48.29776468135439,3.120735872320332,2.64308930205319,Medium,,
36.28383156897404,41.70604991178476,404.3961309140547,,,,,,,,,441.7652638439635,,,21.86917607856668,3.2626172015954396,28.92459455869451,Easy,,
37.129695700716766,31.415601299434716,361.3429416621405,,,,,,,,,301.5211019464985,,,17.857043882683733,0.6832338795645913,38.360475601293835,Very Difficult,,
38.673295021425666,28.730370207997083,325.9941480106269,,,,,,,,,948.9687738925351,,,44.086960768525714,1.3306329444416112,43.96151620132572,Critical,,
38.02361513049481,25.81550283109528,323.46555640066293,,,,,,,,,765.9697362181632,,,15.061812733375369,2.918603839379184,17.762005687079466,Easy,,
37.038603981386295,36.81785886376484,337.5364347246893,,,,,,,,,148.712044008788,,,48.345014274827506,2.744779071150975,41.24160792892863,Easy,,
39.282970263056654,38.55128723684565,382.3839997059181,,,,,,,,,869.7832961389337,,,5.546951361041735,1.053563058069132,6.420955110805155,Difficult,,
35.97645702456429,25.331756578557123,407.18938840500937,,,,,,,,,492.5568862670185,,,48.64454720184376,1.128047970010131,42.47616229499139,Critical,,
37.04501253974653,35.24186116598562,399.0296065076597,,,,,,,,,895.6067046251505,,,6.9421960377759255,1.611416308374146,7.246944454267139,Medium,,
37.56453290305584,29.529915503958758,341.9900845418914,,,,,,,,,801.8567033878421,,,45.1014401164132,1.953568955573064,20.467077237457996,Very Difficult,,
38.19248988951925,37.903455808188994,443.22979209947914,,,,,,,,,430.9613694245411,,,28.746549908883495,2.354764314590888,40.067472923198125,Medium,,
40.496231729751095,28.487328580099827,410.68453750436527,,,,,,,,,32.244615236916225,,,49.68341582536851,1.6067409187093173,8.345953940089915,Critical,,
36.39771647510852,38.81875476204932,383.1531078767101,,,,,,,,,275.99058579109663,,,8.320845413092949,1.8876041483994437,12.233318366399432,Easy,,
38.59964106889528,32.734706926010745,391.75811193515284,,,,,,,,,546.2178725142583,,,29.923442798059437,2.74241281440127,36.390375851260245,Easy,,
39.146901982034294,43.73459977473469,362.9400093641685,,,,,,,,,637.1434376278858,,,48.61861410285945,0.6100496086717937,36.28179029075764,Critical,,
35.325152889039984,27.750418882919867,337.1596484251736,,,,,,,,,265.3088085788703,,,28.539402987656697,1.2573108330320624,32.41623401137957,Easy,,
39.25281396331007,31.82132702100517,353.39590179768925,,,,,,,,,147.96251333209588,,,33.32293871608681,2.6400487576536573,35.0034737788879,Easy,,
36.19366886581104,27.269470424811782,413.67691656965536,,,,,,,,,836.5809344313061,,,36.308691004307775,3.1856205130615978,27.59349772403221,Easy,,
35.455361150896955,43.49387236557126,302.1590232944634,,,,,,,,,984.5581588965166,,,25.454347914549796,2.0350323263469985,13.338153886440685,Very Difficult,,
41.64219876077333,42.54678706761962,317.41089607603743,,,,,,,,,530.433280479659,,,33.24011360378286,2.096340455795947,17.939103681692053,Very Difficult,,
41.75942423152192,30.15883255430311,306.90039630326294,,,,,,,,,179.96249298982048,,,31.29414403653951,0.8215160340193282,9.898288123269857,Difficult,,
40.658781436815225,38.199680920683576,306.10932034784554,,,,,,,,,279.5842532541753,,,45.552110472094505,1.842237100470364,45.514077505347785,Medium,,
37.132296384213596,41.34444400402432,428.31908760165106,,,,,,,,,28.206769781992065,,,7.045087115365604,2.0978517993650696,29.586197943539904,Critical,,
35.68370479804469,36.10401623198925,405.54867890700353,,,,,,,,,915.155818494894,,,17.643343531650366,1.227411510904189,20.641719421418355,Critical,,
39.7896311855851,35.59301156712013,371.1260743630988,,,,,,,,,126.57357206123973,,,47.76851678344514,1.307729692848143,23.638284378562503,Critical,,
38.08106745617721,29.837045818009035,314.6751240976502,,,,,,,,,580.751310759111,,,45.06187027509124,1.631852489313868,47.41688364097895,Difficult,,
35.85426764391345,26.862055356117985,373.7423812675248,,,,,,,,,281.3146684803339,,,25.504553875357082,0.5602135933331791,8.51421875268793,Very Difficult,,
38.46623837077889,42.944315159066534,371.02076561708486,,,,,,,,,558.6362224906355,,,32.90596690106915,1.4662374967495349,29.725261768823064,Difficult,,
35.24071964780653,43.00836114326661,325.9802804865023,,,,,,,,,654.9061844683456,,,17.48215323415097,1.134344020989634,25.788545265338833,Critical,,
41.36524281455147,37.66202914546536,365.07774738569594,,,,,,,,,831.4443856701296,,,13.465452187569259,1.482492056533744,30.961257536297744,Medium,,
36.81145987120012,31.780595820974014,359.77571015960604,,,,,,,,,214.35705904299718,,,25.8664282222992,0.8592863954577536,1.8873990072211848,Easy,,
39.637655990477874,31.984191492253217,392.37751470783246,,,,,,,,,20.88587037189567,,,20.900850261172376,3.171581842219685,43.73407153826342,Very Difficult,,
37.18197753262588,39.51911357740479,395.2640476301466,,,,,,,,,145.5167737681192,,,31.264525033289242,2.280777360662146,46.67379584169701,Very Difficult,,
38.64047614824467,42.94220519905154,306.79560146580667,,,,,,,,,901.018455429624,,,8.498058663424317,2.5373069574334686,28.69152599587124,Difficult,,
38.82697195540296,42.741728485302346,356.19189219397066,,,,,,,,,875.1511767868901,,,48.847766344977494,2.8675137158220148,35.13589036996772,Very Difficult,,
36.293981188678686,40.597510917152476,393.87898735713543,,,,,,,,,601.4389711486052,,,49.37948350158213,1.9953265967871718,46.20246967768749,Critical,,
41.78709239435191,37.84063292308576,375.47043878701317,,,,,,,,,604.5116918293169,,,36.417277130888536,0.7607608642622711,35.654693081356534,Critical,,
40.425929763527805,26.682799299900978,428.47347617824835,,,,,,,,,668.3863078007929,,,29.12433648548542,2.1113196254556432,8.474413102798806,Difficult,,
41.57649259094932,28.232574281892276,398.80404474284177,,,,,,,,,183.6175658372151,,,18.92874273288475,2.2605233540626375,29.238129648173846,Critical,,
41.263791452993544,42.97108377054158,324.4401640622145,,,,,,,,,915.2678264657102,,,41.62077588681269,2.7363184225529897,30.72903727275994,Medium,,
39.1852998516776,37.1285811931918,310.5853121100645,,,,,,,,,424.5828196431524,,,35.812902764924566,1.794978638689038,21.782402893816915,Difficult,,
41.45311964516182,25.183941032332594,396.36289173094735,,,,,,,,,389.3071429670025,,,12.31776227052011,0.8827409083866913,37.08576754561142,Medium,,
35.619447514363436,27.02943085732064,303.9766965812433,,,,,,,,,523.7285282300091,,,45.99172330222291,1.3513277173961735,46.78398372368173,Easy,,
36.371880036934016,38.27003538216111,387.8663371910195,,,,,,,,,56.496307107304496,,,42.0141759315426,1.5892468891959053,46.35285713243204,Medium,,
35.316591022373764,25.101231676924375,441.03453621374365,,,,,,,,,174.62053506851862,,,47.740996098136584,2.4377517239948037,23.091129198802474,Easy,,
37.27731231534285,28.216161028349973,386.3211266813818,,,,,,,,,740.6532802621067,,,37.6573778774762,2.2123349140067354,6.548664246197007,Easy,,
37.72074102782637,35.97467578733172,358.22548893097826,,,,,,,,,91.9706812458752,,,32.60368381711054,1.5682901776935387,49.2572187491544,Medium,,
36.89944322241727,38.83790395385387,396.493232766353,,,,,,,,,607.1205883717244,,,23.82093663307785,3.459545746378939,42.10600623585077,Difficult,,
40.8011625640635,38.03922519005201,368.7379335737275,,,,,,,,,252.89561858450776,,,46.972781750930594,2.3173244580706616,7.1084713789600755,Critical,,
37.497273286855126,29.485386189211198,381.8425183973902,,,,,,,,,395.4026579015568,,,43.97287502751838,1.2116803752079834,46.121252248251245,Critical,,
36.96654156781167,39.24358442695072,441.21972131647874,,,,,,,,,295.80679940299285,,,7.034840154778523,0.8053474178612112,43.62492174104428,Easy,,
38.79887258210774,29.744981749936002,357.91539567011614,,,,,,,,,362.11598930029965,,,6.18651385237634,0.9585774175529961,26.423064799177535,Easy,,
35.98646957482334,31.507993963185356,444.17858457358716,,,,,,,,,721.855446132403,,,21.940851509512232,1.2378731851535245,29.972496351501533,Difficult,,
40.615378865278274,39.92982810236048,435.8025962934096,,,,,,,,,304.15049846694325,,,41.47489988518248,0.982044119778667,20.551132489636384,Very Difficult,,
35.5218545057584,37.992657980944294,329.36867021839447,,,,,,,,,570.7405938939282,,,49.4274258191725,1.0597010721539173,3.6833203022795353,Medium,,
41.90820855620362,41.98446820988356,310.40419513127483,,,,,,,,,481.2898981771087,,,11.768760099658769,1.3552855060815414,17.424664840649147,Easy,,
40.4057133850766,38.15225784600687,315.116700206614,,,,,,,,,667.0344537090217,,,31.73588219084608,1.0201207858842645,40.339818981302564,Critical,,
36.39100977073921,36.36617206670943,302.73327384773245,,,,,,,,,937.4614419315104,,,22.14008854839597,3.1902962738792757,1.22696912722554,Difficult,,
35.038654819865215,26.87349535656185,314.1664441133893,,,,,,,,,735.2463762381478,,,48.646147901657145,0.7407012369849266,17.341459412866065,Medium,,
40.70822999918384,32.35431606118867,402.4510160124535,,,,,,,,,222.79097480484918,,,42.89535154110689,2.073534168710764,20.510265985956224,Difficult,,
39.94800140693332,30.30404735363451,310.6782972690344,,,,,,,,,40.871303710671825,,,42.724791712001206,1.7311904809689844,27.33238454395822,Medium,,
40.103050176286914,29.87979286758167,347.8463445440642,,,,,,,,,269.64140385682686,,,26.09119219077366,3.447135850725819,46.072925204225264,Medium,,
40.39889242680162,44.46021109504891,426.7312966454182,,,,,,,,,599.1271513932522,,,23.666877605194934,0.836116706504157,17.9709537239321,Easy,,
35.51831256213863,32.861954493335205,303.49079036037386,,,,,,,,,60.91155534940785,,,17.30331823688178,1.6935667971372248,18.000706892915158,Difficult,,
37.50926009980991,42.84093110354227,422.1702723883404,,,,,,,,,501.402584729224,,,7.536897349291721,3.4084112998261067,37.13756115737767,Difficult,,
35.811083416675906,37.62277251994526,342.27821621601,,,,,,,,,600.8744204277203,,,43.912506931477395,3.096521377681941,23.15867910360055,Critical,,
41.04172398112915,40.89622607083297,317.7247241432484,,,,,,,,,340.9014519087912,,,41.58054541085349,2.95121621284784,12.005636324059116,Critical,,
39.3630868877929,35.052741862103844,404.5105748046226,,,,,,,,,773.2030817083637,,,49.987295297875875,1.2737084811348196,23.169536290501977,Easy,,
37.31628617396854,36.53807769252718,394.3414270169826,,,,,,,,,115.53227060243408,,,49.84865766832574,1.0126627621701974,7.901993998610193,Easy,,
35.44490845200217,34.85035387637728,431.6208020290579,,,,,,,,,84.38640391845067,,,29.994426752118237,2.505929659773293,9.642962338804942,Very Difficult,,
37.176876252009635,28.90485975596089,410.26065657058285,,,,,,,,,730.9068686415674,,,39.60443368312297,3.2881279673827573,25.42002086423451,Critical,,
37.27628325418723,39.44904230523011,420.5221395577273,,,,,,,,,500.5364030441365,,,47.51445784470926,2.1702886790417892,21.527347025722847,Medium,,
40.10724324836645,30.615447248817116,342.30518588569595,,,,,,,,,691.5183724634587,,,43.23413258048352,2.2148380684096995,45.827449152336904,Difficult,,
39.462902299486494,25.486319328629076,326.6159315669584,,,,,,,,,440.47906521770875,,,16.130664578443895,1.3399372809808525,18.757301056715022,Easy,,
41.21048919803429,37.909445918143355,412.5922127461288,,,,,,,,,253.93801290671576,,,25.27448608895421,2.808478799575811,29.44882916362413,Difficult,,
38.30550447613364,28.542213588140978,421.0252108900896,,,,,,,,,820.9112944974577,,,10.812173681817274,1.0611312456725701,31.980950108056987,Difficult,,
35.83715972156811,43.80917168705828,448.575771300101,,,,,,,,,801.4217201792894,,,47.93229622664251,1.4710377092127311,1.641628372828348,Very Difficult,,
39.99271351056097,44.07857154005175,361.89265153671397,,,,,,,,,697.7495061458825,,,32.2778585502896,1.7763093158492502,33.51333122881882,Critical,,
40.325495340318284,43.29728780440897,355.80271286891747,,,,,,,,,279.4236858576631,,,15.288926247655823,2.022831136053365,9.72376237661782,Easy,,
38.928940382986475,32.40317400510889,416.46194411129954,,,,,,,,,594.3283602003962,,,35.22653079826355,1.2272291972452407,48.092445556003305,Difficult,,
40.39677025968193,25.30913233057735,351.1205310379527,,,,,,,,,367.36415797062654,,,32.81577082060531,0.8445104742176106,8.284473659902535,Easy,,
38.45656917455074,43.566371251754504,439.6135988405347,,,,,,,,,100.66625259336782,,,21.11732231147782,2.331860127324898,21.316582062624164,Medium,,
38.659129805673956,33.563682966346285,428.76191277645177,,,,,,,,,918.1404397076203,,,10.110091648983307,1.3658916597207673,5.182133735853549,Very Difficult,,
37.992787128509846,44.33309638087339,364.34910410625275,,,,,,,,,145.45044460977178,,,35.22079380167598,2.243714664267837,49.84683834045142,Medium,,
35.17793388720867,44.272399541785056,412.6306601687246,,,,,,,,,950.7349802825944,,,28.413846540670697,0.9630881458226069,25.607555506230888,Easy,,
35.75523998895313,42.060189109347206,413.18143111270234,,,,,,,,,451.5457152283762,,,39.754327628103766,1.9434203055644526,30.173865848682144,Easy,,
35.22000429980714,30.888977841391714,315.4685803253899,,,,,,,,,193.28159955023347,,,28.407357550039702,2.0977682976547576,4.286747392032947,Critical,,
39.454872878846466,32.7019545720385,435.38293600193504,,,,,,,,,546.4819379045746,,,43.34816751433431,0.6554706104672807,37.74806304955971,Difficult,,
37.20049186753429,42.02273343033714,375.78785586717856,,,,,,,,,874.2163775176442,,,29.83580774485185,1.5098128345817616,11.285374061683703,Difficult,,
38.55999483815292,31.338440103125553,423.96861991616123,,,,,,,,,734.9026375454656,,,30.242208719092382,0.9032440308169227,45.004660182594975,Medium,,
41.35296531748265,28.38985493372185,348.0074401545918,,,,,,,,,808.4955363828352,,,44.44941211962553,0.6901249114183032,11.051842383618352,Very Difficult,,
36.745045604042126,36.136025249167005,434.3284842744301,,,,,,,,,662.1955330436102,,,23.156728979557865,3.4698806971698355,10.343698312519662,Difficult,,
37.87268046124941,43.723095483215616,358.3802518101245,,,,,,,,,695.3537988726739,,,11.030685280278833,1.467061534924169,2.7909337245566492,Critical,,
40.28885796980134,38.920595933499456,301.62564772204473,,,,,,,,,850.7036950496661,,,6.295220434100254,2.9296233375639047,24.131280310389965,Medium,,
36.601587158441355,36.4012234017873,435.80729646288955,,,,,,,,,257.1713287705941,,,38.98117650531285,1.2639219642912916,28.677215529868207,Medium,,
35.53885936880155,26.943529875415372,313.69300151792004,,,,,,,,,494.53071400670905,,,32.91392981090591,2.544508166671788,4.219723331989266,Critical,,
37.02826017039638,37.3001445339834,347.89704563856225,,,,,,,,,228.99734740140622,,,36.68358956446506,2.7806835796690597,39.00085321805552,Very Difficult,,
36.12854901077803,44.801077002085265,442.50929505762076,,,,,,,,,987.7913279166805,,,14.583387267900983,2.2869162218235326,23.211152902653353,Critical,,
41.507883566398014,27.801680304730482,442.59107204063343,,,,,,,,,944.6187462897472,,,11.13671640140464,1.9147285656504751,26.695123197051423,Very Difficult,,
40.65684265695092,35.36659304727473,386.0156832184929,,,,,,,,,49.03254325482084,,,5.654509955054687,1.7355227424418056,22.59737459997318,Critical,,
39.43382629557296,42.54746143855911,394.7755818254699,,,,,,,,,708.5194207905316,,,20.776440146296864,1.546604799628986,20.637389982890973,Critical,,
41.10022413131402,39.81537235508409,367.266828296748,,,,,,,,,925.9958342415092,,,31.54629590845849,3.2885874327434776,28.422376234102675,Easy,,
40.6257045382938,38.94031481990536,343.98161575470965,,,,,,,,,188.7695916760602,,,22.650982029487956,2.991858223363187,8.606772050604913,Medium,,
36.30599041220225,39.049681679742186,349.2996818054874,,,,,,,,,572.2657782471032,,,24.686371491067806,3.3950807319995375,9.914478394268285,Critical,,
41.24791298942984,32.1898230243951,400.87776841155573,,,,,,,,,916.3334146121614,,,45.68714125221868,0.8728916704566342,43.22749542966235,Critical,,
38.77539569340956,30.871836885289866,412.85617941565204,,,,,,,,,43.60651879994085,,,20.671496016048515,2.6926024256109327,47.359657644548,Difficult,,
40.652081086148435,41.18722310957027,418.73685655887726,,,,,,,,,700.4460645743716,,,28.129527012191485,3.3150213704631133,19.292156497707893,Medium,,
41.272639099464456,41.20226789358362,418.4427214191831,,,,,,,,,304.3755172988253,,,40.26438557335144,1.0436991984969803,14.266488984034135,Difficult,,
37.22602432480305,42.341446371602075,313.68091545730357,,,,,,,,,925.1522334227651,,,22.844425204457156,0.6994888021003325,32.55597761871177,Medium,,
35.770363471693734,43.26481105112943,374.1630457053872,,,,,,,,,971.347662713714,,,32.993901510254304,2.723361947870177,21.027974383806722,Difficult,,
36.59554613779359,35.22684797721875,308.63381400249665,,,,,,,,,944.8238242222995,,,43.80636689360353,2.2234193395397357,2.243931427356898,Critical,,
37.9897545203838,35.03032589374399,382.42933234856037,,,,,,,,,479.47207449088916,,,47.72842806459389,3.0254863302748163,8.651477270943328,Critical,,
40.726103361457454,40.9659035793355,366.22957520600653,,,,,,,,,863.4222244794203,,,11.618306641806708,0.9193171298788685,36.08263921352248,Easy,,
41.0251140827944,37.999278615555305,433.1556274137449,,,,,,,,,846.1039045497197,,,46.69644313226725,2.8858019355796705,33.28727315359742,Difficult,,
35.04866491371833,39.03933754515407,352.6372518828118,,,,,,,,,325.9094685108231,,,27.14523318857922,1.1048819601432336,2.327703632670691,Very Difficult,,
38.57523111804296,40.91585338872202,317.5600524641409,,,,,,,,,830.6263194091706,,,16.620997473453127,0.9909678285971135,11.876635934714523,Easy,,
37.92187702204145,42.800106836351326,321.44875230792536,,,,,,,,,46.63755836833769,,,25.661109030721757,0.9927973937929788,12.322665032815499,Difficult,,
36.554754673295115,31.759903137030715,414.22659475762083,,,,,,,,,600.3071796972325,,,49.101465887846466,2.9437241606941464,33.922744436337695,Difficult,,
35.83905757133578,32.511659052798876,392.73270949743915,,,,,,,,,237.70874891482603,,,27.16781422967913,2.4955916620886005,1.9658163499638435,Easy,,
37.363306199825395,26.87963879681738,315.1684014184185,,,,,,,,,129.36121691950603,,,19.793822462937868,2.069196274307358,6.101320517244118,Critical,,
41.60036792738764,36.565602819923484,312.6160209172496,,,,,,,,,86.18366961291706,,,33.50303844425266,1.5764914523705076,40.19588818328628,Difficult,,
37.262420524145284,25.71884547593484,405.145369718868,,,,,,,,,699.3258881193584,,,15.806552845018688,3.131601622439325,9.748688440662347,Critical,,
38.63153435220356,34.3119603626492,310.91445095462905,,,,,,,,,346.4762141303855,,,8.413849764889877,1.6773353222679062,32.98455928474186,Easy,,
39.92113271226624,35.852892694151535,423.27900889355345,,,,,,,,,727.5191038134739,,,10.799587485979215,2.9497983184147314,12.6709562712896,Critical,,
37.54540721665506,30.730825042565687,405.9363340734744,,,,,,,,,74.70277739095295,,,10.762062753099759,1.8174047257106554,5.872628245207913,Medium,,
41.802474579046724,36.81666521138021,312.20231709628496,,,,,,,,,322.1374344523042,,,11.835621208053245,1.6308332882747227,12.91543735897325,Very Difficult,,
41.73713106459478,25.610004998780987,312.7256571127788,,,,,,,,,544.0963794515839,,,11.247222769223455,1.8880393570088194,36.391079660927296,Difficult,,
36.76247607077755,25.746963774984287,447.99593677517635,,,,,,,,,792.8159331905739,,,33.83936351614466,1.4041336224924263,42.929126937208004,Very Difficult,,
38.4807395412467,41.45201121319317,356.14061936341807,,,,,,,,,325.5649779027492,,,13.184603797961516,2.7428281405287533,41.680773363782585,Critical,,
37.10614816871739,32.20381282822526,355.59632206003363,,,,,,,,,629.632462672639,,,20.555027749573846,2.0081611702774373,20.461992951304286,Difficult,,
36.99388346064227,27.541210253037697,421.9199350886254,,,,,,,,,887.1179707538253,,,45.35547844577053,1.196638085440452,33.736171691961665,Critical,,
35.25820863148173,35.444865201096086,442.0872866075788,,,,,,,,,619.7045563004815,,,26.328273811829256,3.1987237198237053,11.044230475375228,Medium,,
39.26695033785928,40.39987106197222,447.90015957343064,,,,,,,,,240.62988000609744,,,35.04009823344622,1.6516736641196341,15.36423878278965,Easy,,
38.51875316260203,29.316420549936865,413.00672778884126,,,,,,,,,34.15677374097264,,,12.754394204073343,2.130658583341966,44.92045510753487,Difficult,,
35.36035125874992,37.45780951638,356.4389378296374,,,,,,,,,871.3978851619206,,,13.653005846390185,3.219416332893641,1.6370942520260656,Medium,,
36.95052524965628,26.70694929987536,312.5251075048003,,,,,,,,,31.056716741883267,,,6.839087731991549,2.3727139877419763,5.189918011868936,Medium,,
